--
-- PostgreSQL database dump
--

-- Dumped from database version 16.2 (Ubuntu 16.2-1.pgdg23.04+1)
-- Dumped by pg_dump version 16.2 (Ubuntu 16.2-1.pgdg23.04+1)

SET statement_timeout = 0;
SET lock_timeout = 0;
SET idle_in_transaction_session_timeout = 0;
SET client_encoding = 'UTF8';
SET standard_conforming_strings = on;
SELECT pg_catalog.set_config('search_path', '', false);
SET check_function_bodies = false;
SET xmloption = content;
SET client_min_messages = warning;
SET row_security = off;

SET default_tablespace = '';

SET default_table_access_method = heap;

--
-- Name: analytics_visitorevent; Type: TABLE; Schema: public; Owner: jtro
--

CREATE TABLE public.analytics_visitorevent (
    id bigint NOT NULL,
    ts timestamp with time zone NOT NULL,
    ip inet,
    country character varying(64),
    device_type character varying(16),
    ua text,
    path character varying(512),
    user_id integer
);


ALTER TABLE public.analytics_visitorevent OWNER TO jtro;

--
-- Name: analytics_visitorevent_id_seq; Type: SEQUENCE; Schema: public; Owner: jtro
--

ALTER TABLE public.analytics_visitorevent ALTER COLUMN id ADD GENERATED BY DEFAULT AS IDENTITY (
    SEQUENCE NAME public.analytics_visitorevent_id_seq
    START WITH 1
    INCREMENT BY 1
    NO MINVALUE
    NO MAXVALUE
    CACHE 1
);


--
-- Name: auth_group; Type: TABLE; Schema: public; Owner: jtro
--

CREATE TABLE public.auth_group (
    id integer NOT NULL,
    name character varying(150) NOT NULL
);


ALTER TABLE public.auth_group OWNER TO jtro;

--
-- Name: auth_group_id_seq; Type: SEQUENCE; Schema: public; Owner: jtro
--

ALTER TABLE public.auth_group ALTER COLUMN id ADD GENERATED BY DEFAULT AS IDENTITY (
    SEQUENCE NAME public.auth_group_id_seq
    START WITH 1
    INCREMENT BY 1
    NO MINVALUE
    NO MAXVALUE
    CACHE 1
);


--
-- Name: auth_group_permissions; Type: TABLE; Schema: public; Owner: jtro
--

CREATE TABLE public.auth_group_permissions (
    id bigint NOT NULL,
    group_id integer NOT NULL,
    permission_id integer NOT NULL
);


ALTER TABLE public.auth_group_permissions OWNER TO jtro;

--
-- Name: auth_group_permissions_id_seq; Type: SEQUENCE; Schema: public; Owner: jtro
--

ALTER TABLE public.auth_group_permissions ALTER COLUMN id ADD GENERATED BY DEFAULT AS IDENTITY (
    SEQUENCE NAME public.auth_group_permissions_id_seq
    START WITH 1
    INCREMENT BY 1
    NO MINVALUE
    NO MAXVALUE
    CACHE 1
);


--
-- Name: auth_permission; Type: TABLE; Schema: public; Owner: jtro
--

CREATE TABLE public.auth_permission (
    id integer NOT NULL,
    name character varying(255) NOT NULL,
    content_type_id integer NOT NULL,
    codename character varying(100) NOT NULL
);


ALTER TABLE public.auth_permission OWNER TO jtro;

--
-- Name: auth_permission_id_seq; Type: SEQUENCE; Schema: public; Owner: jtro
--

ALTER TABLE public.auth_permission ALTER COLUMN id ADD GENERATED BY DEFAULT AS IDENTITY (
    SEQUENCE NAME public.auth_permission_id_seq
    START WITH 1
    INCREMENT BY 1
    NO MINVALUE
    NO MAXVALUE
    CACHE 1
);


--
-- Name: auth_user; Type: TABLE; Schema: public; Owner: jtro
--

CREATE TABLE public.auth_user (
    id integer NOT NULL,
    password character varying(128) NOT NULL,
    last_login timestamp with time zone,
    is_superuser boolean NOT NULL,
    username character varying(150) NOT NULL,
    first_name character varying(150) NOT NULL,
    last_name character varying(150) NOT NULL,
    email character varying(254) NOT NULL,
    is_staff boolean NOT NULL,
    is_active boolean NOT NULL,
    date_joined timestamp with time zone NOT NULL
);


ALTER TABLE public.auth_user OWNER TO jtro;

--
-- Name: auth_user_groups; Type: TABLE; Schema: public; Owner: jtro
--

CREATE TABLE public.auth_user_groups (
    id bigint NOT NULL,
    user_id integer NOT NULL,
    group_id integer NOT NULL
);


ALTER TABLE public.auth_user_groups OWNER TO jtro;

--
-- Name: auth_user_groups_id_seq; Type: SEQUENCE; Schema: public; Owner: jtro
--

ALTER TABLE public.auth_user_groups ALTER COLUMN id ADD GENERATED BY DEFAULT AS IDENTITY (
    SEQUENCE NAME public.auth_user_groups_id_seq
    START WITH 1
    INCREMENT BY 1
    NO MINVALUE
    NO MAXVALUE
    CACHE 1
);


--
-- Name: auth_user_id_seq; Type: SEQUENCE; Schema: public; Owner: jtro
--

ALTER TABLE public.auth_user ALTER COLUMN id ADD GENERATED BY DEFAULT AS IDENTITY (
    SEQUENCE NAME public.auth_user_id_seq
    START WITH 1
    INCREMENT BY 1
    NO MINVALUE
    NO MAXVALUE
    CACHE 1
);


--
-- Name: auth_user_user_permissions; Type: TABLE; Schema: public; Owner: jtro
--

CREATE TABLE public.auth_user_user_permissions (
    id bigint NOT NULL,
    user_id integer NOT NULL,
    permission_id integer NOT NULL
);


ALTER TABLE public.auth_user_user_permissions OWNER TO jtro;

--
-- Name: auth_user_user_permissions_id_seq; Type: SEQUENCE; Schema: public; Owner: jtro
--

ALTER TABLE public.auth_user_user_permissions ALTER COLUMN id ADD GENERATED BY DEFAULT AS IDENTITY (
    SEQUENCE NAME public.auth_user_user_permissions_id_seq
    START WITH 1
    INCREMENT BY 1
    NO MINVALUE
    NO MAXVALUE
    CACHE 1
);


--
-- Name: django_admin_log; Type: TABLE; Schema: public; Owner: jtro
--

CREATE TABLE public.django_admin_log (
    id integer NOT NULL,
    action_time timestamp with time zone NOT NULL,
    object_id text,
    object_repr character varying(200) NOT NULL,
    action_flag smallint NOT NULL,
    change_message text NOT NULL,
    content_type_id integer,
    user_id integer NOT NULL,
    CONSTRAINT django_admin_log_action_flag_check CHECK ((action_flag >= 0))
);


ALTER TABLE public.django_admin_log OWNER TO jtro;

--
-- Name: django_admin_log_id_seq; Type: SEQUENCE; Schema: public; Owner: jtro
--

ALTER TABLE public.django_admin_log ALTER COLUMN id ADD GENERATED BY DEFAULT AS IDENTITY (
    SEQUENCE NAME public.django_admin_log_id_seq
    START WITH 1
    INCREMENT BY 1
    NO MINVALUE
    NO MAXVALUE
    CACHE 1
);


--
-- Name: django_content_type; Type: TABLE; Schema: public; Owner: jtro
--

CREATE TABLE public.django_content_type (
    id integer NOT NULL,
    app_label character varying(100) NOT NULL,
    model character varying(100) NOT NULL
);


ALTER TABLE public.django_content_type OWNER TO jtro;

--
-- Name: django_content_type_id_seq; Type: SEQUENCE; Schema: public; Owner: jtro
--

ALTER TABLE public.django_content_type ALTER COLUMN id ADD GENERATED BY DEFAULT AS IDENTITY (
    SEQUENCE NAME public.django_content_type_id_seq
    START WITH 1
    INCREMENT BY 1
    NO MINVALUE
    NO MAXVALUE
    CACHE 1
);


--
-- Name: django_migrations; Type: TABLE; Schema: public; Owner: jtro
--

CREATE TABLE public.django_migrations (
    id bigint NOT NULL,
    app character varying(255) NOT NULL,
    name character varying(255) NOT NULL,
    applied timestamp with time zone NOT NULL
);


ALTER TABLE public.django_migrations OWNER TO jtro;

--
-- Name: django_migrations_id_seq; Type: SEQUENCE; Schema: public; Owner: jtro
--

ALTER TABLE public.django_migrations ALTER COLUMN id ADD GENERATED BY DEFAULT AS IDENTITY (
    SEQUENCE NAME public.django_migrations_id_seq
    START WITH 1
    INCREMENT BY 1
    NO MINVALUE
    NO MAXVALUE
    CACHE 1
);


--
-- Name: django_session; Type: TABLE; Schema: public; Owner: jtro
--

CREATE TABLE public.django_session (
    session_key character varying(40) NOT NULL,
    session_data text NOT NULL,
    expire_date timestamp with time zone NOT NULL
);


ALTER TABLE public.django_session OWNER TO jtro;

--
-- Name: taggit_tag; Type: TABLE; Schema: public; Owner: jtro
--

CREATE TABLE public.taggit_tag (
    id integer NOT NULL,
    name character varying(100) NOT NULL,
    slug character varying(100) NOT NULL
);


ALTER TABLE public.taggit_tag OWNER TO jtro;

--
-- Name: taggit_tag_id_seq; Type: SEQUENCE; Schema: public; Owner: jtro
--

ALTER TABLE public.taggit_tag ALTER COLUMN id ADD GENERATED BY DEFAULT AS IDENTITY (
    SEQUENCE NAME public.taggit_tag_id_seq
    START WITH 1
    INCREMENT BY 1
    NO MINVALUE
    NO MAXVALUE
    CACHE 1
);


--
-- Name: taggit_taggeditem; Type: TABLE; Schema: public; Owner: jtro
--

CREATE TABLE public.taggit_taggeditem (
    id integer NOT NULL,
    object_id integer NOT NULL,
    content_type_id integer NOT NULL,
    tag_id integer NOT NULL
);


ALTER TABLE public.taggit_taggeditem OWNER TO jtro;

--
-- Name: taggit_taggeditem_id_seq; Type: SEQUENCE; Schema: public; Owner: jtro
--

ALTER TABLE public.taggit_taggeditem ALTER COLUMN id ADD GENERATED BY DEFAULT AS IDENTITY (
    SEQUENCE NAME public.taggit_taggeditem_id_seq
    START WITH 1
    INCREMENT BY 1
    NO MINVALUE
    NO MAXVALUE
    CACHE 1
);


--
-- Name: tbl_body_style; Type: TABLE; Schema: public; Owner: jtro
--

CREATE TABLE public.tbl_body_style (
    id bigint NOT NULL,
    body character varying(100) NOT NULL,
    status character varying(12) NOT NULL
);


ALTER TABLE public.tbl_body_style OWNER TO jtro;

--
-- Name: tbl_body_style_id_seq; Type: SEQUENCE; Schema: public; Owner: jtro
--

ALTER TABLE public.tbl_body_style ALTER COLUMN id ADD GENERATED BY DEFAULT AS IDENTITY (
    SEQUENCE NAME public.tbl_body_style_id_seq
    START WITH 1
    INCREMENT BY 1
    NO MINVALUE
    NO MAXVALUE
    CACHE 1
);


--
-- Name: tbl_brand; Type: TABLE; Schema: public; Owner: jtro
--

CREATE TABLE public.tbl_brand (
    id bigint NOT NULL,
    name character varying(100) NOT NULL,
    image character varying(100) NOT NULL,
    status character varying(12) NOT NULL
);


ALTER TABLE public.tbl_brand OWNER TO jtro;

--
-- Name: tbl_brand_id_seq; Type: SEQUENCE; Schema: public; Owner: jtro
--

ALTER TABLE public.tbl_brand ALTER COLUMN id ADD GENERATED BY DEFAULT AS IDENTITY (
    SEQUENCE NAME public.tbl_brand_id_seq
    START WITH 1
    INCREMENT BY 1
    NO MINVALUE
    NO MAXVALUE
    CACHE 1
);


--
-- Name: tbl_inventories; Type: TABLE; Schema: public; Owner: jtro
--

CREATE TABLE public.tbl_inventories (
    id bigint NOT NULL,
    created_at timestamp with time zone NOT NULL,
    updated_at timestamp with time zone NOT NULL,
    name character varying(100) NOT NULL,
    brand_id bigint NOT NULL,
    model_id bigint,
    year integer,
    engine_capacity character varying(20),
    fuel_type character varying(20) NOT NULL,
    mileage character varying(20),
    price numeric(12,2),
    transmission character varying(20) NOT NULL,
    drive_type character varying(50),
    wheel_base character varying(20),
    color character varying(30),
    condition character varying(10) NOT NULL,
    registered character varying(12) NOT NULL,
    body_style_id bigint,
    feature_image character varying(100),
    description text,
    status character varying(12) NOT NULL,
    inventory_type character varying(20) NOT NULL,
    is_featured boolean NOT NULL,
    car_type character varying(25),
    youtube character varying(500),
    slightly_negotiable character varying(5) NOT NULL,
    CONSTRAINT tbl_inventories_year_check CHECK ((year >= 0))
);


ALTER TABLE public.tbl_inventories OWNER TO jtro;

--
-- Name: tbl_inventories_id_seq; Type: SEQUENCE; Schema: public; Owner: jtro
--

ALTER TABLE public.tbl_inventories ALTER COLUMN id ADD GENERATED BY DEFAULT AS IDENTITY (
    SEQUENCE NAME public.tbl_inventories_id_seq
    START WITH 1
    INCREMENT BY 1
    NO MINVALUE
    NO MAXVALUE
    CACHE 1
);


--
-- Name: tbl_inventory_images; Type: TABLE; Schema: public; Owner: jtro
--

CREATE TABLE public.tbl_inventory_images (
    id bigint NOT NULL,
    caption character varying(100),
    image character varying(100) NOT NULL,
    inventory_id bigint NOT NULL
);


ALTER TABLE public.tbl_inventory_images OWNER TO jtro;

--
-- Name: tbl_inventory_images_id_seq; Type: SEQUENCE; Schema: public; Owner: jtro
--

ALTER TABLE public.tbl_inventory_images ALTER COLUMN id ADD GENERATED BY DEFAULT AS IDENTITY (
    SEQUENCE NAME public.tbl_inventory_images_id_seq
    START WITH 1
    INCREMENT BY 1
    NO MINVALUE
    NO MAXVALUE
    CACHE 1
);


--
-- Name: tbl_inventory_quote; Type: TABLE; Schema: public; Owner: jtro
--

CREATE TABLE public.tbl_inventory_quote (
    id bigint NOT NULL,
    created_at timestamp with time zone NOT NULL,
    updated_at timestamp with time zone NOT NULL,
    name character varying(100) NOT NULL,
    email character varying(32) NOT NULL,
    phone character varying(18) NOT NULL,
    car_id bigint
);


ALTER TABLE public.tbl_inventory_quote OWNER TO jtro;

--
-- Name: tbl_inventory_quote_id_seq; Type: SEQUENCE; Schema: public; Owner: jtro
--

ALTER TABLE public.tbl_inventory_quote ALTER COLUMN id ADD GENERATED BY DEFAULT AS IDENTITY (
    SEQUENCE NAME public.tbl_inventory_quote_id_seq
    START WITH 1
    INCREMENT BY 1
    NO MINVALUE
    NO MAXVALUE
    CACHE 1
);


--
-- Name: tbl_model_generations; Type: TABLE; Schema: public; Owner: jtro
--

CREATE TABLE public.tbl_model_generations (
    id bigint NOT NULL,
    model character varying(100) NOT NULL,
    brand_id bigint NOT NULL,
    status character varying(12) NOT NULL
);


ALTER TABLE public.tbl_model_generations OWNER TO jtro;

--
-- Name: tbl_model_generations_id_seq; Type: SEQUENCE; Schema: public; Owner: jtro
--

ALTER TABLE public.tbl_model_generations ALTER COLUMN id ADD GENERATED BY DEFAULT AS IDENTITY (
    SEQUENCE NAME public.tbl_model_generations_id_seq
    START WITH 1
    INCREMENT BY 1
    NO MINVALUE
    NO MAXVALUE
    CACHE 1
);


--
-- Name: tbl_people_talk; Type: TABLE; Schema: public; Owner: jtro
--

CREATE TABLE public.tbl_people_talk (
    id bigint NOT NULL,
    title character varying(300) NOT NULL,
    image character varying(100) NOT NULL,
    url character varying(300),
    status character varying(12) NOT NULL,
    is_featured boolean NOT NULL,
    created_at timestamp with time zone NOT NULL,
    updated_at timestamp with time zone NOT NULL
);


ALTER TABLE public.tbl_people_talk OWNER TO jtro;

--
-- Name: tbl_people_talk_id_seq; Type: SEQUENCE; Schema: public; Owner: jtro
--

ALTER TABLE public.tbl_people_talk ALTER COLUMN id ADD GENERATED BY DEFAULT AS IDENTITY (
    SEQUENCE NAME public.tbl_people_talk_id_seq
    START WITH 1
    INCREMENT BY 1
    NO MINVALUE
    NO MAXVALUE
    CACHE 1
);


--
-- Name: tbl_sales_representative; Type: TABLE; Schema: public; Owner: jtro
--

CREATE TABLE public.tbl_sales_representative (
    id bigint NOT NULL,
    created_at timestamp with time zone NOT NULL,
    updated_at timestamp with time zone NOT NULL,
    name character varying(100) NOT NULL,
    phone_number character varying(15) NOT NULL,
    status character varying(12) NOT NULL
);


ALTER TABLE public.tbl_sales_representative OWNER TO jtro;

--
-- Name: tbl_sales_representative_id_seq; Type: SEQUENCE; Schema: public; Owner: jtro
--

ALTER TABLE public.tbl_sales_representative ALTER COLUMN id ADD GENERATED BY DEFAULT AS IDENTITY (
    SEQUENCE NAME public.tbl_sales_representative_id_seq
    START WITH 1
    INCREMENT BY 1
    NO MINVALUE
    NO MAXVALUE
    CACHE 1
);


--
-- Name: tbl_sell_your_cars_images; Type: TABLE; Schema: public; Owner: jtro
--

CREATE TABLE public.tbl_sell_your_cars_images (
    id bigint NOT NULL,
    image character varying(100) NOT NULL,
    sellcar_id bigint NOT NULL
);


ALTER TABLE public.tbl_sell_your_cars_images OWNER TO jtro;

--
-- Name: tbl_sell_your_cars_images_id_seq; Type: SEQUENCE; Schema: public; Owner: jtro
--

ALTER TABLE public.tbl_sell_your_cars_images ALTER COLUMN id ADD GENERATED BY DEFAULT AS IDENTITY (
    SEQUENCE NAME public.tbl_sell_your_cars_images_id_seq
    START WITH 1
    INCREMENT BY 1
    NO MINVALUE
    NO MAXVALUE
    CACHE 1
);


--
-- Name: tbl_sellcar; Type: TABLE; Schema: public; Owner: jtro
--

CREATE TABLE public.tbl_sellcar (
    id bigint NOT NULL,
    name character varying(100) NOT NULL,
    phone character varying(18) NOT NULL,
    car_name character varying(100) NOT NULL,
    car_model character varying(100) NOT NULL,
    car_year character varying(100) NOT NULL,
    mileage integer NOT NULL,
    offered_price bigint,
    CONSTRAINT tbl_sellcar_mileage_check CHECK ((mileage >= 0)),
    CONSTRAINT tbl_sellcar_offered_price_check CHECK ((offered_price >= 0))
);


ALTER TABLE public.tbl_sellcar OWNER TO jtro;

--
-- Name: tbl_sellcar_id_seq; Type: SEQUENCE; Schema: public; Owner: jtro
--

ALTER TABLE public.tbl_sellcar ALTER COLUMN id ADD GENERATED BY DEFAULT AS IDENTITY (
    SEQUENCE NAME public.tbl_sellcar_id_seq
    START WITH 1
    INCREMENT BY 1
    NO MINVALUE
    NO MAXVALUE
    CACHE 1
);


--
-- Name: tbl_video; Type: TABLE; Schema: public; Owner: jtro
--

CREATE TABLE public.tbl_video (
    id bigint NOT NULL,
    heading character varying(100) NOT NULL,
    image character varying(100) NOT NULL
);


ALTER TABLE public.tbl_video OWNER TO jtro;

--
-- Name: tbl_slider_id_seq; Type: SEQUENCE; Schema: public; Owner: jtro
--

ALTER TABLE public.tbl_video ALTER COLUMN id ADD GENERATED BY DEFAULT AS IDENTITY (
    SEQUENCE NAME public.tbl_slider_id_seq
    START WITH 1
    INCREMENT BY 1
    NO MINVALUE
    NO MAXVALUE
    CACHE 1
);


--
-- Name: tbl_socialmedia; Type: TABLE; Schema: public; Owner: jtro
--

CREATE TABLE public.tbl_socialmedia (
    id bigint NOT NULL,
    facebook character varying(300) NOT NULL,
    instagram character varying(300),
    twitter character varying(300),
    youtube character varying(300)
);


ALTER TABLE public.tbl_socialmedia OWNER TO jtro;

--
-- Name: tbl_socialmedia_id_seq; Type: SEQUENCE; Schema: public; Owner: jtro
--

ALTER TABLE public.tbl_socialmedia ALTER COLUMN id ADD GENERATED BY DEFAULT AS IDENTITY (
    SEQUENCE NAME public.tbl_socialmedia_id_seq
    START WITH 1
    INCREMENT BY 1
    NO MINVALUE
    NO MAXVALUE
    CACHE 1
);


--
-- Name: tbl_stocks; Type: TABLE; Schema: public; Owner: jtro
--

CREATE TABLE public.tbl_stocks (
    id bigint NOT NULL,
    created_at timestamp with time zone NOT NULL,
    updated_at timestamp with time zone NOT NULL,
    title character varying(100),
    image character varying(100) NOT NULL,
    status character varying(12) NOT NULL
);


ALTER TABLE public.tbl_stocks OWNER TO jtro;

--
-- Name: tbl_stocks_id_seq; Type: SEQUENCE; Schema: public; Owner: jtro
--

ALTER TABLE public.tbl_stocks ALTER COLUMN id ADD GENERATED BY DEFAULT AS IDENTITY (
    SEQUENCE NAME public.tbl_stocks_id_seq
    START WITH 1
    INCREMENT BY 1
    NO MINVALUE
    NO MAXVALUE
    CACHE 1
);


--
-- Name: tbl_subscribers; Type: TABLE; Schema: public; Owner: jtro
--

CREATE TABLE public.tbl_subscribers (
    id bigint NOT NULL,
    email character varying(32) NOT NULL
);


ALTER TABLE public.tbl_subscribers OWNER TO jtro;

--
-- Name: tbl_subscribers_id_seq; Type: SEQUENCE; Schema: public; Owner: jtro
--

ALTER TABLE public.tbl_subscribers ALTER COLUMN id ADD GENERATED BY DEFAULT AS IDENTITY (
    SEQUENCE NAME public.tbl_subscribers_id_seq
    START WITH 1
    INCREMENT BY 1
    NO MINVALUE
    NO MAXVALUE
    CACHE 1
);


--
-- Data for Name: analytics_visitorevent; Type: TABLE DATA; Schema: public; Owner: jtro
--

COPY public.analytics_visitorevent (id, ts, ip, country, device_type, ua, path, user_id) FROM stdin;
1	2025-09-05 02:31:09.586426+06	127.0.0.1	\N	pc	Mozilla/5.0 (X11; Linux x86_64) AppleWebKit/537.36 (KHTML, like Gecko) Chrome/139.0.0.0 Safari/537.36	/api/v1/analytics/visitors	1
2	2025-09-05 02:31:13.161939+06	127.0.0.1	\N	pc	Mozilla/5.0 (X11; Linux x86_64) AppleWebKit/537.36 (KHTML, like Gecko) Chrome/139.0.0.0 Safari/537.36	/api/v1/analytics/visitors/	1
3	2025-09-05 02:31:27.424022+06	127.0.0.1	\N	pc	Mozilla/5.0 (X11; Linux x86_64) AppleWebKit/537.36 (KHTML, like Gecko) Chrome/139.0.0.0 Safari/537.36	/api/v1/	1
4	2025-09-05 02:31:32.094057+06	127.0.0.1	\N	pc	Mozilla/5.0 (X11; Linux x86_64) AppleWebKit/537.36 (KHTML, like Gecko) Chrome/139.0.0.0 Safari/537.36	/api/v1/analytics/	1
5	2025-09-05 02:31:38.068729+06	127.0.0.1	\N	pc	Mozilla/5.0 (X11; Linux x86_64) AppleWebKit/537.36 (KHTML, like Gecko) Chrome/139.0.0.0 Safari/537.36	/api/v1/analytics/visitors/	1
6	2025-09-05 02:31:59.333992+06	127.0.0.1	\N	pc	Mozilla/5.0 (X11; Linux x86_64) AppleWebKit/537.36 (KHTML, like Gecko) Chrome/139.0.0.0 Safari/537.36	/api/v1/analytics/admin/visitors/	1
7	2025-09-05 02:32:31.837629+06	127.0.0.1	\N	pc	Mozilla/5.0 (X11; Linux x86_64) AppleWebKit/537.36 (KHTML, like Gecko) Chrome/139.0.0.0 Safari/537.36	/api/v1/analytics/admin/visitors/	1
8	2025-09-05 02:32:32.85869+06	127.0.0.1	\N	pc	Mozilla/5.0 (X11; Linux x86_64) AppleWebKit/537.36 (KHTML, like Gecko) Chrome/139.0.0.0 Safari/537.36	/api/v1/analytics/admin/visitors/	1
9	2025-09-05 02:32:33.712409+06	127.0.0.1	\N	pc	Mozilla/5.0 (X11; Linux x86_64) AppleWebKit/537.36 (KHTML, like Gecko) Chrome/139.0.0.0 Safari/537.36	/api/v1/analytics/admin/visitors/	1
10	2025-09-05 02:32:34.398782+06	127.0.0.1	\N	pc	Mozilla/5.0 (X11; Linux x86_64) AppleWebKit/537.36 (KHTML, like Gecko) Chrome/139.0.0.0 Safari/537.36	/api/v1/analytics/admin/visitors/	1
11	2025-09-05 02:32:36.024191+06	127.0.0.1	\N	pc	Mozilla/5.0 (X11; Linux x86_64) AppleWebKit/537.36 (KHTML, like Gecko) Chrome/139.0.0.0 Safari/537.36	/api/v1/analytics/admin/visitors/	1
12	2025-09-05 02:32:36.769546+06	127.0.0.1	\N	pc	Mozilla/5.0 (X11; Linux x86_64) AppleWebKit/537.36 (KHTML, like Gecko) Chrome/139.0.0.0 Safari/537.36	/api/v1/analytics/admin/visitors/	1
\.


--
-- Data for Name: auth_group; Type: TABLE DATA; Schema: public; Owner: jtro
--

COPY public.auth_group (id, name) FROM stdin;
\.


--
-- Data for Name: auth_group_permissions; Type: TABLE DATA; Schema: public; Owner: jtro
--

COPY public.auth_group_permissions (id, group_id, permission_id) FROM stdin;
\.


--
-- Data for Name: auth_permission; Type: TABLE DATA; Schema: public; Owner: jtro
--

COPY public.auth_permission (id, name, content_type_id, codename) FROM stdin;
1	Can add log entry	1	add_logentry
2	Can change log entry	1	change_logentry
3	Can delete log entry	1	delete_logentry
4	Can view log entry	1	view_logentry
5	Can add permission	2	add_permission
6	Can change permission	2	change_permission
7	Can delete permission	2	delete_permission
8	Can view permission	2	view_permission
9	Can add group	3	add_group
10	Can change group	3	change_group
11	Can delete group	3	delete_group
12	Can view group	3	view_group
13	Can add user	4	add_user
14	Can change user	4	change_user
15	Can delete user	4	delete_user
16	Can view user	4	view_user
17	Can add content type	5	add_contenttype
18	Can change content type	5	change_contenttype
19	Can delete content type	5	delete_contenttype
20	Can view content type	5	view_contenttype
21	Can add session	6	add_session
22	Can change session	6	change_session
23	Can delete session	6	delete_session
24	Can view session	6	view_session
25	Can add tag	7	add_tag
26	Can change tag	7	change_tag
27	Can delete tag	7	delete_tag
28	Can view tag	7	view_tag
29	Can add tagged item	8	add_taggeditem
30	Can change tagged item	8	change_taggeditem
31	Can delete tagged item	8	delete_taggeditem
32	Can view tagged item	8	view_taggeditem
33	Can add Car Brand	9	add_brand
34	Can change Car Brand	9	change_brand
35	Can delete Car Brand	9	delete_brand
36	Can view Car Brand	9	view_brand
37	Can add Sell Your Car	10	add_sellcar
38	Can change Sell Your Car	10	change_sellcar
39	Can delete Sell Your Car	10	delete_sellcar
40	Can view Sell Your Car	10	view_sellcar
41	Can add Slider Image	11	add_slider
42	Can change Slider Image	11	change_slider
43	Can delete Slider Image	11	delete_slider
44	Can view Slider Image	11	view_slider
45	Can add Social Media	12	add_socialmedia
46	Can change Social Media	12	change_socialmedia
47	Can delete Social Media	12	delete_socialmedia
48	Can view Social Media	12	view_socialmedia
49	Can add Inventory Image	13	add_inventoryimage
50	Can change Inventory Image	13	change_inventoryimage
51	Can delete Inventory Image	13	delete_inventoryimage
52	Can view Inventory Image	13	view_inventoryimage
53	Can add Inventory	14	add_inventory
54	Can change Inventory	14	change_inventory
55	Can delete Inventory	14	delete_inventory
56	Can view Inventory	14	view_inventory
57	Can add Body Style	15	add_bodystyle
58	Can change Body Style	15	change_bodystyle
59	Can delete Body Style	15	delete_bodystyle
60	Can view Body Style	15	view_bodystyle
61	Can add Car Brand	16	add_brand
62	Can change Car Brand	16	change_brand
63	Can delete Car Brand	16	delete_brand
64	Can view Car Brand	16	view_brand
65	Can add Model Generation	17	add_modelgeneration
66	Can change Model Generation	17	change_modelgeneration
67	Can delete Model Generation	17	delete_modelgeneration
68	Can view Model Generation	17	view_modelgeneration
69	Can add People Talk About Us	18	add_peopletalkaboutus
70	Can change People Talk About Us	18	change_peopletalkaboutus
71	Can delete People Talk About Us	18	delete_peopletalkaboutus
72	Can view People Talk About Us	18	view_peopletalkaboutus
73	Can add Inventory Quote	19	add_inventoryquote
74	Can change Inventory Quote	19	change_inventoryquote
75	Can delete Inventory Quote	19	delete_inventoryquote
76	Can view Inventory Quote	19	view_inventoryquote
77	Can add Stock	20	add_stock
78	Can change Stock	20	change_stock
79	Can delete Stock	20	delete_stock
80	Can view Stock	20	view_stock
81	Can add Inventory Image	21	add_sellyourcarimages
82	Can change Inventory Image	21	change_sellyourcarimages
83	Can delete Inventory Image	21	delete_sellyourcarimages
84	Can view Inventory Image	21	view_sellyourcarimages
85	Can add Subscriber	22	add_subscriber
86	Can change Subscriber	22	change_subscriber
87	Can delete Subscriber	22	delete_subscriber
88	Can view Subscriber	22	view_subscriber
89	Can add visitor event	23	add_visitorevent
90	Can change visitor event	23	change_visitorevent
91	Can delete visitor event	23	delete_visitorevent
92	Can view visitor event	23	view_visitorevent
93	Can add Sales representative	24	add_salesrepresentative
94	Can change Sales representative	24	change_salesrepresentative
95	Can delete Sales representative	24	delete_salesrepresentative
96	Can view Sales representative	24	view_salesrepresentative
\.


--
-- Data for Name: auth_user; Type: TABLE DATA; Schema: public; Owner: jtro
--

COPY public.auth_user (id, password, last_login, is_superuser, username, first_name, last_name, email, is_staff, is_active, date_joined) FROM stdin;
1	pbkdf2_sha256$600000$VwftGhtBsjpBrsqu5X0oxi$+Fej7SN/z0yn8qERDw/yP0dW5lLD4bGO5cq+H8/YhuA=	2025-10-23 13:28:26.503746+06	t	jaki	Abdullah Al Mohin	Jaki	mohin.nr@gmail.com	t	t	2025-05-03 17:29:38+06
\.


--
-- Data for Name: auth_user_groups; Type: TABLE DATA; Schema: public; Owner: jtro
--

COPY public.auth_user_groups (id, user_id, group_id) FROM stdin;
\.


--
-- Data for Name: auth_user_user_permissions; Type: TABLE DATA; Schema: public; Owner: jtro
--

COPY public.auth_user_user_permissions (id, user_id, permission_id) FROM stdin;
\.


--
-- Data for Name: django_admin_log; Type: TABLE DATA; Schema: public; Owner: jtro
--

COPY public.django_admin_log (id, action_time, object_id, object_repr, action_flag, change_message, content_type_id, user_id) FROM stdin;
1	2025-05-03 17:32:14.396314+06	1	jaki	2	[{"changed": {"fields": ["First name", "Last name", "Email address"]}}]	4	1
2	2025-05-04 19:50:48.601366+06	10	Davis Group Car	2	[{"changed": {"fields": ["Image", "Description"]}}, {"added": {"name": "Inventory Image", "object": "Image for Davis Group Car"}}, {"added": {"name": "Inventory Image", "object": "Image for Davis Group Car"}}, {"added": {"name": "Inventory Image", "object": "Image for Davis Group Car"}}, {"added": {"name": "Inventory Image", "object": "Image for Davis Group Car"}}]	14	1
3	2025-05-04 19:51:01.002867+06	9	Martinez and Sons Car	2	[{"changed": {"fields": ["Image", "Description"]}}]	14	1
4	2025-05-04 19:51:13.585418+06	8	Hernandez, Hodges and Ryan Car	2	[{"changed": {"fields": ["Image", "Description"]}}]	14	1
5	2025-05-04 19:51:59.396429+06	7	Howard, Foley and Simon Car	2	[{"changed": {"fields": ["Image", "Description"]}}]	14	1
6	2025-05-04 19:52:11.877+06	6	Hawkins, Hernandez and Lawson Car	2	[{"changed": {"fields": ["Image", "Description"]}}]	14	1
7	2025-05-04 19:52:29.907508+06	4	Daniel-Hall Car	2	[{"changed": {"fields": ["Image", "Description"]}}]	14	1
8	2025-05-04 19:52:41.777122+06	3	Hill, Lee and Garcia Car	2	[{"changed": {"fields": ["Image", "Description"]}}]	14	1
9	2025-05-04 19:52:54.581064+06	2	Cameron-Park Car	2	[{"changed": {"fields": ["Image", "Description"]}}]	14	1
10	2025-05-04 19:53:06.561155+06	1	Chang-Mejia Car	2	[{"changed": {"fields": ["Image", "Description"]}}]	14	1
11	2025-05-04 20:20:55.205763+06	20	Hodge, Waters and Martin Car	3		14	1
12	2025-05-04 20:20:55.223357+06	19	Gonzalez-Schneider Car	3		14	1
13	2025-05-04 20:20:55.224953+06	18	Chambers Ltd Car	3		14	1
14	2025-05-04 20:20:55.226084+06	17	Johnson-Ortega Car	3		14	1
15	2025-05-04 20:20:55.227699+06	16	Nelson-Harrison Car	3		14	1
16	2025-05-04 20:20:55.229683+06	15	Castillo-Burnett Car	3		14	1
17	2025-05-04 20:20:55.231226+06	14	Smith-Atkins Car	3		14	1
18	2025-05-04 20:20:55.232709+06	13	Guerrero, Rosales and Wilson Car	3		14	1
19	2025-05-04 20:20:55.233751+06	12	Rodriguez-Robertson Car	3		14	1
20	2025-05-04 20:20:55.247315+06	11	Black Ltd Car	3		14	1
21	2025-05-04 20:20:55.249626+06	10	Davis Group Car	3		14	1
22	2025-05-04 20:20:55.259757+06	9	Martinez and Sons Car	3		14	1
23	2025-05-04 20:20:55.262742+06	8	Hernandez, Hodges and Ryan Car	3		14	1
24	2025-05-04 20:20:55.265215+06	7	Howard, Foley and Simon Car	3		14	1
25	2025-05-04 20:20:55.268332+06	6	Hawkins, Hernandez and Lawson Car	3		14	1
26	2025-05-04 20:20:55.269974+06	5	Ball, Thompson and English Car	3		14	1
27	2025-05-04 20:20:55.271977+06	4	Daniel-Hall Car	3		14	1
28	2025-05-04 20:20:55.273932+06	3	Hill, Lee and Garcia Car	3		14	1
29	2025-05-04 20:20:55.277011+06	2	Cameron-Park Car	3		14	1
30	2025-05-04 20:20:55.278465+06	1	Chang-Mejia Car	3		14	1
31	2025-05-04 21:58:22.31976+06	4	Convertible	2	[]	15	1
32	2025-05-04 21:58:26.803601+06	3	Hatchback	2	[]	15	1
33	2025-05-04 21:58:30.396867+06	2	SUV	2	[]	15	1
34	2025-05-05 14:51:53.796279+06	1	Finest Luxury Car Studio	1	[{"added": {}}]	11	1
35	2025-05-05 14:54:30.617694+06	1	FACEBOOK	1	[{"added": {}}]	12	1
36	2025-05-05 14:54:37.033979+06	2	TWITTER	1	[{"added": {}}]	12	1
37	2025-05-05 14:54:40.201407+06	3	INSTAGRAM	1	[{"added": {}}]	12	1
38	2025-05-05 14:54:43.038625+06	4	YOUTUBE	1	[{"added": {}}]	12	1
39	2025-05-05 15:01:44.37526+06	4	YOUTUBE	3		12	1
40	2025-05-05 15:01:44.387149+06	3	INSTAGRAM	3		12	1
41	2025-05-05 15:01:44.388401+06	2	TWITTER	3		12	1
42	2025-05-05 15:01:44.391732+06	1	FACEBOOK	3		12	1
43	2025-05-05 15:07:29.696554+06	5	SocialMedia object (5)	1	[{"added": {}}]	12	1
44	2025-05-05 15:44:35.674216+06	40	Solomon-Bryant Car	2	[{"changed": {"fields": ["Description", "Is Featured?"]}}]	14	1
45	2025-05-05 15:44:41.977138+06	39	Hughes LLC Car	2	[{"changed": {"fields": ["Description", "Is Featured?"]}}]	14	1
46	2025-05-05 15:45:59.094466+06	40	Solomon-Bryant Car	2	[{"changed": {"fields": ["Availability"]}}]	14	1
47	2025-05-05 15:59:16.306137+06	38	Livingston-Caldwell Car	2	[{"changed": {"fields": ["Description", "Inventory Type"]}}]	14	1
48	2025-05-15 11:52:08.705377+06	1	Lorem Imsum	1	[{"added": {}}]	18	1
49	2025-05-19 15:27:34.616623+06	40	Solomon-Bryant Car	2	[{"changed": {"fields": ["Car Type", "Youtube URL", "Inventory Type"]}}]	14	1
50	2025-05-19 15:37:16.358204+06	40	Solomon-Bryant Car	2	[{"changed": {"fields": ["Inventory Type"]}}]	14	1
51	2025-05-28 14:06:03.352198+06	1	Lorem Imsum	2	[{"changed": {"fields": ["Is featured?"]}}]	18	1
52	2025-07-23 01:21:02.544375+06	1	Horse	1	[{"added": {}}]	20	1
53	2025-08-01 00:35:10.743856+06	2	Test	1	[{"added": {}}]	11	1
54	2025-08-01 00:36:11.932165+06	2	Test	3		11	1
55	2025-08-19 15:23:04.489345+06	40	Solomon-Bryant Car	2	[{"changed": {"fields": ["Fuel Type", "Availability"]}}]	14	1
56	2025-08-27 21:51:29.798514+06	5	Nissan	2	[{"changed": {"fields": ["Image"]}}]	16	1
57	2025-08-27 22:15:56.915751+06	4	Audi	2	[{"changed": {"fields": ["Image"]}}]	16	1
58	2025-08-27 22:16:17.498554+06	3	BMW	2	[{"changed": {"fields": ["Image"]}}]	16	1
59	2025-08-27 22:16:27.038637+06	2	Honda	2	[{"changed": {"fields": ["Image"]}}]	16	1
60	2025-08-27 22:16:34.083338+06	1	Toyota	2	[{"changed": {"fields": ["Image"]}}]	16	1
61	2025-08-28 20:21:56.022008+06	39	Hughes LLC Car	2	[{"changed": {"fields": ["Car Type", "Availability", "Inventory Type"]}}]	14	1
62	2025-08-28 20:22:07.794278+06	38	Livingston-Caldwell Car	2	[{"changed": {"fields": ["Car Type", "Availability"]}}]	14	1
63	2025-08-28 20:22:13.281696+06	37	Hall and Sons Car	2	[{"changed": {"fields": ["Car Type", "Availability", "Description", "Inventory Type"]}}]	14	1
64	2025-08-28 20:22:17.721856+06	36	Carey, Nelson and Alvarez Car	2	[{"changed": {"fields": ["Car Type", "Availability", "Description", "Inventory Type"]}}]	14	1
65	2025-08-28 20:22:22.462385+06	35	Ochoa and Sons Car	2	[{"changed": {"fields": ["Car Type", "Availability", "Description", "Inventory Type"]}}]	14	1
66	2025-08-28 20:22:26.767003+06	34	Martinez-Mccarthy Car	2	[{"changed": {"fields": ["Car Type", "Availability", "Description", "Inventory Type"]}}]	14	1
67	2025-08-30 12:50:00.421465+06	1	Test	3		19	1
68	2025-09-04 19:13:19.570603+06	40	Solomon-Bryant Car	2	[{"changed": {"fields": ["Car Type", "Image"]}}]	14	1
69	2025-09-04 19:15:40.248085+06	27	Lewis and Sons Car	2	[{"changed": {"fields": ["Car Type", "Availability", "Image", "Description", "Inventory Type"]}}]	14	1
70	2025-09-04 19:19:42.502074+06	27	Lewis and Sons Car	2	[{"changed": {"fields": ["Image"]}}]	14	1
71	2025-09-20 19:32:23.155883+06	33	Martin, Chase and Kim Car	2	[{"changed": {"fields": ["Availability", "Description", "Inventory Type"]}}]	14	1
72	2025-09-20 19:32:33.758675+06	24	Contreras Ltd Car	2	[{"changed": {"fields": ["Availability", "Description", "Inventory Type"]}}]	14	1
73	2025-10-23 13:35:45.72961+06	1	Name 1 - +8801776-699500	1	[{"added": {}}]	24	1
74	2025-10-23 13:35:53.927438+06	2	Name 2 - +8801776-699500	1	[{"added": {}}]	24	1
75	2025-10-23 13:36:04.446102+06	3	Name 3 - +8801776-699500	1	[{"added": {}}]	24	1
\.


--
-- Data for Name: django_content_type; Type: TABLE DATA; Schema: public; Owner: jtro
--

COPY public.django_content_type (id, app_label, model) FROM stdin;
1	admin	logentry
2	auth	permission
3	auth	group
4	auth	user
5	contenttypes	contenttype
6	sessions	session
7	taggit	tag
8	taggit	taggeditem
9	home	brand
10	home	sellcar
11	home	slider
12	home	socialmedia
13	inventory	inventoryimage
14	inventory	inventory
15	inventory	bodystyle
16	inventory	brand
17	inventory	modelgeneration
18	home	peopletalkaboutus
19	inventory	inventoryquote
20	inventory	stock
21	home	sellyourcarimages
22	home	subscriber
23	analytics	visitorevent
24	home	salesrepresentative
\.


--
-- Data for Name: django_migrations; Type: TABLE DATA; Schema: public; Owner: jtro
--

COPY public.django_migrations (id, app, name, applied) FROM stdin;
1	contenttypes	0001_initial	2025-05-03 17:28:22.41396+06
2	auth	0001_initial	2025-05-03 17:28:22.605516+06
3	admin	0001_initial	2025-05-03 17:28:22.659903+06
4	admin	0002_logentry_remove_auto_add	2025-05-03 17:28:22.669202+06
5	admin	0003_logentry_add_action_flag_choices	2025-05-03 17:28:22.678342+06
6	contenttypes	0002_remove_content_type_name	2025-05-03 17:28:22.691663+06
7	auth	0002_alter_permission_name_max_length	2025-05-03 17:28:22.698562+06
8	auth	0003_alter_user_email_max_length	2025-05-03 17:28:22.705034+06
9	auth	0004_alter_user_username_opts	2025-05-03 17:28:22.713464+06
10	auth	0005_alter_user_last_login_null	2025-05-03 17:28:22.722338+06
11	auth	0006_require_contenttypes_0002	2025-05-03 17:28:22.724283+06
12	auth	0007_alter_validators_add_error_messages	2025-05-03 17:28:22.730355+06
13	auth	0008_alter_user_username_max_length	2025-05-03 17:28:22.783542+06
14	auth	0009_alter_user_last_name_max_length	2025-05-03 17:28:22.806914+06
15	auth	0010_alter_group_name_max_length	2025-05-03 17:28:22.826162+06
16	auth	0011_update_proxy_permissions	2025-05-03 17:28:22.836186+06
17	auth	0012_alter_user_first_name_max_length	2025-05-03 17:28:22.843864+06
18	sessions	0001_initial	2025-05-03 17:28:22.870649+06
19	taggit	0001_initial	2025-05-03 17:28:22.90746+06
20	taggit	0002_auto_20150616_2121	2025-05-03 17:28:22.913684+06
21	taggit	0003_taggeditem_add_unique_index	2025-05-03 17:28:22.951337+06
22	taggit	0004_alter_taggeditem_content_type_alter_taggeditem_tag	2025-05-03 17:28:22.987142+06
23	taggit	0005_auto_20220424_2025	2025-05-03 17:28:22.991512+06
24	home	0001_initial	2025-05-03 23:31:20.644406+06
25	inventory	0001_initial	2025-05-03 23:31:20.687838+06
26	inventory	0002_alter_inventory_engine_capacity_and_more	2025-05-04 19:46:45.191957+06
27	home	0002_delete_brand	2025-05-04 20:46:51.900355+06
28	inventory	0003_bodystyle_brand_alter_inventory_registered_and_more	2025-05-04 20:46:52.135653+06
29	inventory	0004_bodystyle_status_brand_status_modelgeneration_status	2025-05-04 21:57:39.115175+06
30	home	0003_remove_socialmedia_image_socialmedia_url	2025-05-05 14:53:49.004075+06
31	home	0004_remove_socialmedia_name_remove_socialmedia_url_and_more	2025-05-05 15:05:46.201932+06
32	inventory	0005_inventory_inventory_type_inventory_is_featured	2025-05-05 15:39:48.356787+06
33	home	0005_peopletalkaboutus	2025-05-15 11:48:44.815915+06
34	home	0006_alter_peopletalkaboutus_title	2025-05-15 12:03:37.232065+06
35	inventory	0006_inventory_car_type_inventory_youtube_and_more	2025-05-19 15:23:17.323107+06
36	home	0007_peopletalkaboutus_is_featured	2025-05-28 14:03:15.506883+06
37	home	0008_peopletalkaboutus_created_at_and_more	2025-05-28 14:05:26.84196+06
38	inventory	0007_inventoryquote_stock	2025-07-23 01:12:25.710087+06
39	home	0009_sellyourcarimages	2025-07-23 01:41:28.109882+06
40	home	0010_alter_sellcar_image	2025-07-24 03:52:13.035826+06
41	inventory	0008_alter_inventory_fuel_type	2025-07-30 00:18:41.04453+06
42	home	0011_alter_slider_options_alter_slider_image_and_more	2025-08-01 00:33:17.274003+06
43	inventory	0009_alter_inventory_registered	2025-08-11 23:13:24.136612+06
44	home	0012_remove_sellcar_image	2025-08-11 23:27:13.030845+06
45	home	0013_subscriber	2025-08-11 23:57:51.675877+06
46	inventory	0010_alter_inventory_car_type	2025-08-19 00:02:35.436434+06
47	inventory	0011_alter_inventory_car_type_alter_inventory_fuel_type_and_more	2025-08-19 00:26:29.192629+06
48	home	0014_alter_peopletalkaboutus_options_and_more	2025-08-28 20:53:15.60145+06
49	inventory	0012_alter_inventoryquote_options	2025-08-28 20:53:15.617346+06
50	inventory	0013_alter_inventory_car_type	2025-08-29 00:59:46.755819+06
51	inventory	0014_inventoryquote_car	2025-08-30 12:51:42.609871+06
52	analytics	0001_initial	2025-09-05 02:23:36.161029+06
53	home	0015_sellcar_offered_price	2025-09-08 15:20:30.391901+06
54	inventory	0015_inventory_slightly_negotiable	2025-09-29 03:17:04.173828+06
55	home	0016_salesrepresentative	2025-10-23 13:26:58.600733+06
56	home	0017_alter_salesrepresentative_options	2025-10-23 13:28:52.772839+06
57	home	0018_alter_salesrepresentative_phone_number	2025-10-23 13:35:23.080799+06
\.


--
-- Data for Name: django_session; Type: TABLE DATA; Schema: public; Owner: jtro
--

COPY public.django_session (session_key, session_data, expire_date) FROM stdin;
4jupy71n107onzn740a9clml707w138u	.eJxVjDsOwjAQBe_iGlle_4Ip6XMGa9fr4ACypTipEHeHSCmgfTPzXiLitpa49bzEmcVFgDj9boTpkesO-I711mRqdV1mkrsiD9rl2Dg_r4f7d1Cwl2-dDQ3OoQHQpM5ETnkftBuUMoHZeg8cdGJvMfCUwShmdJiMnywxIIn3B8crN-c:1uBB5t:t-FZvTJhGmszTQRNpju2aY0Mz0GO_e4m3-eK5AXI-RM	2025-05-17 17:31:45.560387+06
bidsug2xuh11k3r79snqgm24xebsru6d	.eJxVjDsOwjAQBe_iGlle_4Ip6XMGa9fr4ACypTipEHeHSCmgfTPzXiLitpa49bzEmcVFgDj9boTpkesO-I711mRqdV1mkrsiD9rl2Dg_r4f7d1Cwl2-dDQ3OoQHQpM5ETnkftBuUMoHZeg8cdGJvMfCUwShmdJiMnywxIIn3B8crN-c:1uFRVK:OLD7xN7lb1aKPM0EFafVMqSwxS7Bei8QAsJcvtopb4Y	2025-05-29 11:51:38.705417+06
fekufzf8mwh6i0wlp9jvarjecm3euxks	.eJxVjDsOwjAQBe_iGlle_4Ip6XMGa9fr4ACypTipEHeHSCmgfTPzXiLitpa49bzEmcVFgDj9boTpkesO-I711mRqdV1mkrsiD9rl2Dg_r4f7d1Cwl2-dDQ3OoQHQpM5ETnkftBuUMoHZeg8cdGJvMfCUwShmdJiMnywxIIn3B8crN-c:1uGwlA:YTK7NPTKkf_ngSCrvciCDN209TBZRtGB1Tn1Iq70yR0	2025-06-02 15:26:12.346158+06
q2xab4kamx7aj5atj1jyjmf85jegbi9l	.eJxVjDsOwjAQBe_iGlle_4Ip6XMGa9fr4ACypTipEHeHSCmgfTPzXiLitpa49bzEmcVFgDj9boTpkesO-I711mRqdV1mkrsiD9rl2Dg_r4f7d1Cwl2-dDQ3OoQHQpM5ETnkftBuUMoHZeg8cdGJvMfCUwShmdJiMnywxIIn3B8crN-c:1uKBlx:tjqPQ2WPf9ZaFU7bEvhGV_tFHU5ULrGxYTadXibEE5s	2025-06-11 14:04:25.509582+06
l7r8pliw14m7vw0jm2t1fmt77103g9j8	.eJxVjDsOwjAQBe_iGlle_4Ip6XMGa9fr4ACypTipEHeHSCmgfTPzXiLitpa49bzEmcVFgDj9boTpkesO-I711mRqdV1mkrsiD9rl2Dg_r4f7d1Cwl2-dDQ3OoQHQpM5ETnkftBuUMoHZeg8cdGJvMfCUwShmdJiMnywxIIn3B8crN-c:1ueICJ:KriTqClSSKcjo-u35NsQ19-o65r3aAWLvHbFisUSx5U	2025-08-06 00:58:43.113221+06
3bp3h1bfypk9o75nt5taiy9zco6fkyws	.eJxVjDsOwjAQBe_iGlle_4Ip6XMGa9fr4ACypTipEHeHSCmgfTPzXiLitpa49bzEmcVFgDj9boTpkesO-I711mRqdV1mkrsiD9rl2Dg_r4f7d1Cwl2-dDQ3OoQHQpM5ETnkftBuUMoHZeg8cdGJvMfCUwShmdJiMnywxIIn3B8crN-c:1ugoo0:eh5HDQWnG2YAZND8bzFB90qzDsNhNTrnTz6TKoa_0TM	2025-08-13 00:12:04.487302+06
09tjcznr0x0sol0cwi28sf9wzbhvsqi0	.eJxVjDsOwjAQBe_iGlle_4Ip6XMGa9fr4ACypTipEHeHSCmgfTPzXiLitpa49bzEmcVFgDj9boTpkesO-I711mRqdV1mkrsiD9rl2Dg_r4f7d1Cwl2-dDQ3OoQHQpM5ETnkftBuUMoHZeg8cdGJvMfCUwShmdJiMnywxIIn3B8crN-c:1uhY71:sO7a-QsWYs432HCpX3iuyDoIHedwrGwQx9YNvn7Swts	2025-08-15 00:34:43.807148+06
cccgmwodmr8wi5m3y03tboxg44te25cs	.eJxVjDsOwjAQBe_iGlle_4Ip6XMGa9fr4ACypTipEHeHSCmgfTPzXiLitpa49bzEmcVFgDj9boTpkesO-I711mRqdV1mkrsiD9rl2Dg_r4f7d1Cwl2-dDQ3OoQHQpM5ETnkftBuUMoHZeg8cdGJvMfCUwShmdJiMnywxIIn3B8crN-c:1ulW8a:0hRy7OfnV0emMtPv5zfhoUX04hVfNfjeMrzx2goDQK8	2025-08-25 23:16:44.847125+06
rnall6h87b4w5yrthxexwxqh5wx69syx	.eJxVjDsOwjAQBe_iGlle_4Ip6XMGa9fr4ACypTipEHeHSCmgfTPzXiLitpa49bzEmcVFgDj9boTpkesO-I711mRqdV1mkrsiD9rl2Dg_r4f7d1Cwl2-dDQ3OoQHQpM5ETnkftBuUMoHZeg8cdGJvMfCUwShmdJiMnywxIIn3B8crN-c:1uoIXE:9KLrg18tUnTdczuARnlMweBWt65fiwj4eujznUXlMDk	2025-09-02 15:21:40.449754+06
td2kkv286uev0pyswb17g5z0khjfg0ox	.eJxVjDsOwjAQBe_iGlle_4Ip6XMGa9fr4ACypTipEHeHSCmgfTPzXiLitpa49bzEmcVFgDj9boTpkesO-I711mRqdV1mkrsiD9rl2Dg_r4f7d1Cwl2-dDQ3OoQHQpM5ETnkftBuUMoHZeg8cdGJvMfCUwShmdJiMnywxIIn3B8crN-c:1urIMt:8gSbW22av9j5Mb1tPJB0oadVKEH862IuQhT0BdEd2dI	2025-09-10 21:47:23.278215+06
pq2oa85a4c650d1i6qjpslny029yza9k	.eJxVjDsOwjAQBe_iGlle_4Ip6XMGa9fr4ACypTipEHeHSCmgfTPzXiLitpa49bzEmcVFgDj9boTpkesO-I711mRqdV1mkrsiD9rl2Dg_r4f7d1Cwl2-dDQ3OoQHQpM5ETnkftBuUMoHZeg8cdGJvMfCUwShmdJiMnywxIIn3B8crN-c:1uuGbN:qxJjaHDmvoEZJ9xELQvL0BCIzRbg2NLSj5H0Wgcwq1Y	2025-09-19 02:30:37.03573+06
1gpglfx49ae4f4118weekvlw40ax0evi	.eJxVjDsOwjAQBe_iGlle_4Ip6XMGa9fr4ACypTipEHeHSCmgfTPzXiLitpa49bzEmcVFgDj9boTpkesO-I711mRqdV1mkrsiD9rl2Dg_r4f7d1Cwl2-dDQ3OoQHQpM5ETnkftBuUMoHZeg8cdGJvMfCUwShmdJiMnywxIIn3B8crN-c:1uzxh6:xFbzOyGMVQGyBzfP96m3muM3381wNUGCWiGHPW0R9VA	2025-10-04 19:32:04.502805+06
ajnvthnuq5jop91atgil1ajotjb0itzo	.eJxVjDsOwjAQBe_iGlle_4Ip6XMGa9fr4ACypTipEHeHSCmgfTPzXiLitpa49bzEmcVFgDj9boTpkesO-I711mRqdV1mkrsiD9rl2Dg_r4f7d1Cwl2-dDQ3OoQHQpM5ETnkftBuUMoHZeg8cdGJvMfCUwShmdJiMnywxIIn3B8crN-c:1v2ylz:3dAQ2gHtLiBFcH8LAR75CniO0mhh6_WIi0Wsono_OKk	2025-10-13 03:17:35.927526+06
\.


--
-- Data for Name: taggit_tag; Type: TABLE DATA; Schema: public; Owner: jtro
--

COPY public.taggit_tag (id, name, slug) FROM stdin;
\.


--
-- Data for Name: taggit_taggeditem; Type: TABLE DATA; Schema: public; Owner: jtro
--

COPY public.taggit_taggeditem (id, object_id, content_type_id, tag_id) FROM stdin;
\.


--
-- Data for Name: tbl_body_style; Type: TABLE DATA; Schema: public; Owner: jtro
--

COPY public.tbl_body_style (id, body, status) FROM stdin;
1	Sedan	PUBLISHED
4	Convertible	PUBLISHED
3	Hatchback	PUBLISHED
2	SUV	PUBLISHED
\.


--
-- Data for Name: tbl_brand; Type: TABLE DATA; Schema: public; Owner: jtro
--

COPY public.tbl_brand (id, name, image, status) FROM stdin;
5	Nissan	images/2025-08-27/DSC_3276-2025-07-31-12-32-31-2025-08-27-21-51-29.jpg	PUBLISHED
4	Audi	images/2025-08-27/the_syndicate-2025-08-27-22-15-56.jpg	PUBLISHED
3	BMW	images/2025-08-27/the_syndicate-2025-08-27-22-16-17.jpg	PUBLISHED
2	Honda	images/2025-08-27/the_syndicate-2025-08-27-22-16-27.jpg	PUBLISHED
1	Toyota	images/2025-08-27/the_syndicate-2025-08-27-22-16-34.jpg	PUBLISHED
\.


--
-- Data for Name: tbl_inventories; Type: TABLE DATA; Schema: public; Owner: jtro
--

COPY public.tbl_inventories (id, created_at, updated_at, name, brand_id, model_id, year, engine_capacity, fuel_type, mileage, price, transmission, drive_type, wheel_base, color, condition, registered, body_style_id, feature_image, description, status, inventory_type, is_featured, car_type, youtube, slightly_negotiable) FROM stdin;
21	2025-05-04 21:34:59.143543+06	2025-05-04 21:34:59.143564+06	Brown-House Car	4	8	2010	1687 cc	PETROL	102718 km	679432.09	AUTOMATIC	FWD	21 inch	White	NEW	false	4	demo.jpg	Management interview bring memory cell. Guess couple door north.\nPressure skin toward likely save rule. Other we bed experience since sea them its. Make drop realize.	PUBLISHED	BUDGET_FRIENDLY	f	\N	\N	YES
22	2025-05-04 21:34:59.155139+06	2025-05-04 21:34:59.155156+06	Weber, Mckinney and Johnson Car	1	1	2022	3248 cc	ELECTRIC	123407 km	2531386.76	MANUAL	RWD	20 inch	Black	NEW	true	3	demo.jpg	Gun market century threat walk woman street because.\nScore few thing issue college today. Improve environment fish art. Able group their plan cover radio voice.	PUBLISHED	BUDGET_FRIENDLY	f	\N	\N	YES
23	2025-05-04 21:34:59.157+06	2025-05-04 21:34:59.157017+06	Kennedy Inc Car	4	7	2017	1198 cc	HYBRID	139805 km	3990994.10	AUTOMATIC	FWD	20 inch	Blue	USED	false	4	demo.jpg	Consider lead only keep happy. Actually all defense sort sound hotel wife feel. Really concern make hear.	PUBLISHED	BUDGET_FRIENDLY	f	\N	\N	YES
25	2025-05-04 21:34:59.160968+06	2025-05-04 21:34:59.160983+06	Sanchez-Solis Car	5	10	2015	1877 cc	HYBRID	121113 km	258444.85	AUTOMATIC	RWD	20 inch	Red	NEW	true	4	demo.jpg	Fast across lay remain apply organization. Fine could option bar any forward.\nOf lose involve score.	PUBLISHED	BUDGET_FRIENDLY	f	\N	\N	YES
26	2025-05-04 21:34:59.16622+06	2025-05-04 21:34:59.166272+06	Wilson-Lee Car	1	1	2014	2279 cc	ELECTRIC	124390 km	2843920.17	MANUAL	AWD	20 inch	Silver	USED	true	1	demo.jpg	Vote with sister. Nor color suggest performance hour exist provide. Think team expert might.\nEvening wife start system project detail arrive. Sister any success.	PUBLISHED	BUDGET_FRIENDLY	f	\N	\N	YES
28	2025-05-04 21:34:59.17705+06	2025-05-04 21:34:59.177073+06	Ford PLC Car	3	5	2005	1458 cc	ELECTRIC	53482 km	1008679.75	AUTOMATIC	FWD	20 inch	Black	NEW	true	3	demo.jpg	Case goal effect news trouble. Focus capital data if blood among side finish.	PUBLISHED	BUDGET_FRIENDLY	f	\N	\N	YES
29	2025-05-04 21:34:59.181144+06	2025-05-04 21:34:59.181167+06	Esparza and Sons Car	1	1	2008	2423 cc	DIESEL	137485 km	2264912.65	MANUAL	AWD	19 inch	Blue	USED	true	1	demo.jpg	Hair hold project take effect fact. Project professional run break sense total.	PUBLISHED	BUDGET_FRIENDLY	f	\N	\N	YES
30	2025-05-04 21:34:59.184193+06	2025-05-04 21:34:59.184216+06	Gomez, Clark and Jones Car	4	7	2009	1969 cc	DIESEL	57146 km	880245.68	AUTOMATIC	RWD	18 inch	White	USED	true	1	demo.jpg	Management road book become laugh a food. Hospital worker health experience even.\nSection when smile. Piece major when ahead hand office. Pattern to baby cause science case question.	PUBLISHED	BUDGET_FRIENDLY	f	\N	\N	YES
31	2025-05-04 21:35:02.465595+06	2025-05-04 21:35:02.465614+06	Brown Ltd Car	5	9	2015	1886 cc	DIESEL	101983 km	4203450.21	MANUAL	RWD	19 inch	Red	NEW	true	4	demo.jpg	Answer produce first everyone. Meeting station huge apply. He low especially bar price during help check. Manager former try.	PUBLISHED	BUDGET_FRIENDLY	f	\N	\N	YES
32	2025-05-04 21:35:02.468391+06	2025-05-04 21:35:02.468408+06	Thomas, Grant and Clark Car	3	6	2009	1099 cc	ELECTRIC	55549 km	915754.91	MANUAL	FWD	20 inch	Blue	NEW	true	1	demo.jpg	Play wide section national quickly model have. Or baby dog admit thought. Born direction tonight already reflect off.\nWeek benefit mind large health. Tough store interest so sister trip method.	PUBLISHED	BUDGET_FRIENDLY	f	\N	\N	YES
33	2025-05-04 21:35:02.470438+06	2025-09-20 19:32:23.153401+06	Martin, Chase and Kim Car	4	8	2008	1407 cc	DIESEL	103342 km	3276481.99	MANUAL	FWD	20 inch	Red	USED	Sold	3	demo.jpg	<p>Person law might Mr. Team color down assume. Kitchen PM leave tax parent. Performance wide best choose keep feeling. Early however reflect grow task fill act.</p>	PUBLISHED	LUXURY	f	\N	\N	YES
39	2025-05-04 21:35:02.482143+06	2025-08-28 20:21:56.015662+06	Hughes LLC Car	3	6	2024	1354 cc	ELECTRIC	47450 km	758510.84	AUTOMATIC	FWD	15 inch	Blue	NEW	Available	2	demo.jpg	<p>Whom but kind month. Democrat boy number much. Every project live pretty travel leave rule.</p>	PUBLISHED	LUXURY	t	BRAND NEW	\N	YES
38	2025-05-04 21:35:02.480386+06	2025-08-28 20:22:07.792854+06	Livingston-Caldwell Car	3	5	2006	3376 cc	HYBRID	112559 km	3760403.28	AUTOMATIC	FWD	22 inch	Blue	NEW	Available	4	demo.jpg	<p>Practice anyone Mr talk capital air image. Maybe from again during. Music left official follow season. Sit I radio trip one nearly growth hospital. Never try themselves air season from.</p>	PUBLISHED	LUXURY	f	RECONDITIONED	\N	YES
37	2025-05-04 21:35:02.478097+06	2025-08-28 20:22:13.279117+06	Hall and Sons Car	2	4	2009	2657 cc	ELECTRIC	113718 km	3409022.38	AUTOMATIC	RWD	20 inch	Black	USED	Available	1	demo.jpg	<p>Across for bill believe. Watch argue experience meet. Organization green require deal too. Toward top possible than class or Mrs. Parent sense task fall continue.</p>	PUBLISHED	LUXURY	f	PRE OWNED	\N	YES
36	2025-05-04 21:35:02.476187+06	2025-08-28 20:22:17.716748+06	Carey, Nelson and Alvarez Car	1	2	2013	2674 cc	DIESEL	52859 km	3094511.61	MANUAL	FWD	15 inch	Silver	NEW	Available	3	demo.jpg	<p>Into save system own sell room their right. Build safe everybody Congress Democrat education. Develop message work industry wide sign us. Discuss another wear citizen.</p>	PUBLISHED	LUXURY	f	RECONDITIONED	\N	YES
35	2025-05-04 21:35:02.474094+06	2025-08-28 20:22:22.460562+06	Ochoa and Sons Car	2	3	2019	1582 cc	DIESEL	145923 km	3026907.19	AUTOMATIC	FWD	21 inch	Silver	NEW	Available	2	demo.jpg	<p>Just exactly away outside city often. Factor stage still. Hope lead bring hot street above. Room somebody focus all indicate hope movie. Customer provide run often drop apply.</p>	PUBLISHED	LUXURY	f	BRAND NEW	\N	YES
34	2025-05-04 21:35:02.472358+06	2025-08-28 20:22:26.765373+06	Martinez-Mccarthy Car	5	10	2021	3464 cc	ELECTRIC	83363 km	1202612.40	AUTOMATIC	FWD	19 inch	White	USED	Available	3	demo.jpg	<p>Produce mind power day. Environment of allow team may our. List structure two one cause somebody. Draw choose old think stuff by. Well money travel mind pull.</p>	PUBLISHED	LUXURY	f	PRE OWNED	\N	YES
27	2025-05-04 21:34:59.172751+06	2025-09-04 19:19:42.481415+06	Lewis and Sons Car	5	9	2011	2892 cc	PETROL	120219 km	4207452.27	MANUAL	FWD	15 inch	Black	USED	Available	2	images/2025-09-04/018-2025-09-04-18-48-08-2025-09-04-19-19-42.jpg	<p>Staff last center seek child. Write popular method business will. Project type assume. Within white interest along car right have. Discussion pretty garden rule oil.</p>	PUBLISHED	LUXURY	f	BRAND_NEW	\N	YES
24	2025-05-04 21:34:59.158806+06	2025-09-20 19:32:33.756096+06	Contreras Ltd Car	4	7	2007	3215 cc	HYBRID	57414 km	889183.00	AUTOMATIC	RWD	18 inch	Silver	NEW	Sold	2	demo.jpg	<p>Kind build contain. Between impact listen inside. Every because dream relationship power east stand. Opportunity election which ball team out. White office most style close under computer.</p>	PUBLISHED	LUXURY	f	\N	\N	YES
40	2025-05-04 21:35:02.483914+06	2025-09-04 19:13:19.559004+06	Solomon-Bryant Car	2	3	2009	2216 cc	PETROL+HYBRID	69669 km	3029390.90	MANUAL	AWD	15 inch	White	USED	Available	2	images/2025-09-04/018-2025-09-04-18-48-08-2025-09-04-19-13-19.jpg	<p>News huge different few. Course box quickly purpose answer. Suddenly ask as surface without interest assume.</p>	PUBLISHED	BUDGET FRIENDLY	t	BRAND_NEW	https://www.youtube.com/watch?v=W0Dd6HxYopo&ab_channel=CAR-V	YES
\.


--
-- Data for Name: tbl_inventory_images; Type: TABLE DATA; Schema: public; Owner: jtro
--

COPY public.tbl_inventory_images (id, caption, image, inventory_id) FROM stdin;
\.


--
-- Data for Name: tbl_inventory_quote; Type: TABLE DATA; Schema: public; Owner: jtro
--

COPY public.tbl_inventory_quote (id, created_at, updated_at, name, email, phone, car_id) FROM stdin;
2	2025-08-30 12:54:05.787814+06	2025-08-30 12:54:05.78783+06	Test	test@email.com	01722556789	40
\.


--
-- Data for Name: tbl_model_generations; Type: TABLE DATA; Schema: public; Owner: jtro
--

COPY public.tbl_model_generations (id, model, brand_id, status) FROM stdin;
1	Toyota Model 1	1	PUBLISHED
2	Toyota Model 2	1	PUBLISHED
3	Honda Model 1	2	PUBLISHED
4	Honda Model 2	2	PUBLISHED
5	BMW Model 1	3	PUBLISHED
6	BMW Model 2	3	PUBLISHED
7	Audi Model 1	4	PUBLISHED
8	Audi Model 2	4	PUBLISHED
9	Nissan Model 1	5	PUBLISHED
10	Nissan Model 2	5	PUBLISHED
\.


--
-- Data for Name: tbl_people_talk; Type: TABLE DATA; Schema: public; Owner: jtro
--

COPY public.tbl_people_talk (id, title, image, url, status, is_featured, created_at, updated_at) FROM stdin;
1	Lorem Imsum	images/2025-05-15/megamind-22-2025-05-15-11-52-08.jpg	https://www.facebook.com/DreamWorksMegamind/	PUBLISHED	t	2025-05-28 14:05:26.829285+06	2025-05-28 14:06:03.348203+06
\.


--
-- Data for Name: tbl_sales_representative; Type: TABLE DATA; Schema: public; Owner: jtro
--

COPY public.tbl_sales_representative (id, created_at, updated_at, name, phone_number, status) FROM stdin;
1	2025-10-23 13:35:45.725871+06	2025-10-23 13:35:45.725909+06	Name 1	+8801776-699500	PUBLISHED
2	2025-10-23 13:35:53.924548+06	2025-10-23 13:35:53.92457+06	Name 2	+8801776-699500	PUBLISHED
3	2025-10-23 13:36:04.4446+06	2025-10-23 13:36:04.444617+06	Name 3	+8801776-699500	PUBLISHED
\.


--
-- Data for Name: tbl_sell_your_cars_images; Type: TABLE DATA; Schema: public; Owner: jtro
--

COPY public.tbl_sell_your_cars_images (id, image, sellcar_id) FROM stdin;
1	images/2025-07-23/megamind-19-2025-07-23-01-54-31.jpg	2
2	images/2025-07-23/megamind-18-2025-07-23-01-54-31.jpg	2
3	images/2025-07-23/megamind-17-2025-07-23-01-54-31.jpg	2
4	images/2025-07-23/megamind-16-2025-07-23-01-54-31.jpg	2
5	images/2025-08-19/megamind-21-2025-08-19-15-49-42.jpg	3
6	images/2025-08-19/megamind-20-2025-08-19-15-49-42.jpg	3
7	images/2025-08-19/megamind-19-2025-08-19-15-49-42.jpg	3
8	images/2025-08-19/megamind-18-2025-08-19-15-49-42.jpg	3
9	images/2025-08-19/megamind-17-2025-08-19-15-49-42.jpg	3
10	images/2025-08-19/the_syndicate-2025-08-19-16-15-11.jpg	12
11	images/2025-08-19/Screenshot_from_2022-06-03_12-31-20-2025-08-19-16-15-11.png	12
12	images/2025-08-19/megamind-23-2025-08-19-16-15-11.png	12
13	images/2025-08-19/megamind-22-2025-08-19-16-15-11.jpg	12
14	images/2025-08-19/the_syndicate-2025-08-19-16-31-06.jpg	14
15	images/2025-08-19/Screenshot_from_2022-06-03_12-31-20-2025-08-19-16-31-06.png	14
16	images/2025-08-19/megamind-23-2025-08-19-16-31-06.png	14
17	images/2025-08-19/megamind-22-2025-08-19-16-31-06.jpg	14
18	images/2025-08-19/the_syndicate-2025-08-19-16-36-49.jpg	15
19	images/2025-08-19/Screenshot_from_2022-06-03_12-31-20-2025-08-19-16-36-49.png	15
20	images/2025-08-19/megamind-23-2025-08-19-16-36-49.png	15
21	images/2025-08-19/megamind-22-2025-08-19-16-36-49.jpg	15
22	images/2025-08-19/the_syndicate-2025-08-19-16-37-41.jpg	16
23	images/2025-08-19/Screenshot_from_2022-06-03_12-31-20-2025-08-19-16-37-41.png	16
24	images/2025-08-19/megamind-23-2025-08-19-16-37-41.png	16
25	images/2025-08-19/megamind-22-2025-08-19-16-37-41.jpg	16
\.


--
-- Data for Name: tbl_sellcar; Type: TABLE DATA; Schema: public; Owner: jtro
--

COPY public.tbl_sellcar (id, name, phone, car_name, car_model, car_year, mileage, offered_price) FROM stdin;
1	test	+8801722556789	Toyota	Audi	2024	2524	\N
2	test	+8801722556789	Toyota	Audi	2024	2524	\N
3	test	+8801722556789	Toyota	Audi	2024	2524	\N
4	test	+8801722556789	Toyota	Audi	2024	2524	\N
5	test	+8801722556789	Toyota	Audi	2024	2524	\N
6	test	+8801722556789	Toyota	Audi	2024	2524	\N
7	test	+8801722556789	Toyota	Audi	2024	2524	\N
8	test	+8801722556789	Toyota	Audi	2024	2524	\N
9	test	+8801722556789	Toyota	Audi	2024	2524	\N
10	test	+8801722556789	Toyota	Audi	2024	2524	\N
11	test	+8801722556789	Toyota	Audi	2024	2524	\N
12	test 4	+8801722556789	Toyota	Audi	2024	2524	\N
13	test 4	+8801722556789	Toyota	Audi	2024	2524	\N
14	test 4	+8801722556789	Toyota	Audi	2024	2524	\N
15	test 4	+8801722556789	Toyota	Audi	2024	2524	\N
16	test 4	+8801722556789	Toyota	Audi	2024	2524	\N
\.


--
-- Data for Name: tbl_socialmedia; Type: TABLE DATA; Schema: public; Owner: jtro
--

COPY public.tbl_socialmedia (id, facebook, instagram, twitter, youtube) FROM stdin;
5	https://www.facebook.com/MegamindUK/	https://www.facebook.com/MegamindUK/	https://www.facebook.com/MegamindUK/	https://www.facebook.com/MegamindUK/
\.


--
-- Data for Name: tbl_stocks; Type: TABLE DATA; Schema: public; Owner: jtro
--

COPY public.tbl_stocks (id, created_at, updated_at, title, image, status) FROM stdin;
1	2025-07-23 01:21:02.537104+06	2025-07-23 01:21:02.537118+06	Horse	images/2025-07-23/horse-2025-07-23-01-21-02.jpg	PUBLISHED
\.


--
-- Data for Name: tbl_subscribers; Type: TABLE DATA; Schema: public; Owner: jtro
--

COPY public.tbl_subscribers (id, email) FROM stdin;
1	test@email.com
\.


--
-- Data for Name: tbl_video; Type: TABLE DATA; Schema: public; Owner: jtro
--

COPY public.tbl_video (id, heading, image) FROM stdin;
1	Finest Luxury Car Studio	images/2025-05-05/dark-night-rain-car-wallpaper-preview-2025-05-05-14-51-53.jpg
\.


--
-- Name: analytics_visitorevent_id_seq; Type: SEQUENCE SET; Schema: public; Owner: jtro
--

SELECT pg_catalog.setval('public.analytics_visitorevent_id_seq', 12, true);


--
-- Name: auth_group_id_seq; Type: SEQUENCE SET; Schema: public; Owner: jtro
--

SELECT pg_catalog.setval('public.auth_group_id_seq', 1, false);


--
-- Name: auth_group_permissions_id_seq; Type: SEQUENCE SET; Schema: public; Owner: jtro
--

SELECT pg_catalog.setval('public.auth_group_permissions_id_seq', 1, false);


--
-- Name: auth_permission_id_seq; Type: SEQUENCE SET; Schema: public; Owner: jtro
--

SELECT pg_catalog.setval('public.auth_permission_id_seq', 96, true);


--
-- Name: auth_user_groups_id_seq; Type: SEQUENCE SET; Schema: public; Owner: jtro
--

SELECT pg_catalog.setval('public.auth_user_groups_id_seq', 1, false);


--
-- Name: auth_user_id_seq; Type: SEQUENCE SET; Schema: public; Owner: jtro
--

SELECT pg_catalog.setval('public.auth_user_id_seq', 1, true);


--
-- Name: auth_user_user_permissions_id_seq; Type: SEQUENCE SET; Schema: public; Owner: jtro
--

SELECT pg_catalog.setval('public.auth_user_user_permissions_id_seq', 1, false);


--
-- Name: django_admin_log_id_seq; Type: SEQUENCE SET; Schema: public; Owner: jtro
--

SELECT pg_catalog.setval('public.django_admin_log_id_seq', 75, true);


--
-- Name: django_content_type_id_seq; Type: SEQUENCE SET; Schema: public; Owner: jtro
--

SELECT pg_catalog.setval('public.django_content_type_id_seq', 24, true);


--
-- Name: django_migrations_id_seq; Type: SEQUENCE SET; Schema: public; Owner: jtro
--

SELECT pg_catalog.setval('public.django_migrations_id_seq', 57, true);


--
-- Name: taggit_tag_id_seq; Type: SEQUENCE SET; Schema: public; Owner: jtro
--

SELECT pg_catalog.setval('public.taggit_tag_id_seq', 1, false);


--
-- Name: taggit_taggeditem_id_seq; Type: SEQUENCE SET; Schema: public; Owner: jtro
--

SELECT pg_catalog.setval('public.taggit_taggeditem_id_seq', 1, false);


--
-- Name: tbl_body_style_id_seq; Type: SEQUENCE SET; Schema: public; Owner: jtro
--

SELECT pg_catalog.setval('public.tbl_body_style_id_seq', 4, true);


--
-- Name: tbl_brand_id_seq; Type: SEQUENCE SET; Schema: public; Owner: jtro
--

SELECT pg_catalog.setval('public.tbl_brand_id_seq', 5, true);


--
-- Name: tbl_inventories_id_seq; Type: SEQUENCE SET; Schema: public; Owner: jtro
--

SELECT pg_catalog.setval('public.tbl_inventories_id_seq', 40, true);


--
-- Name: tbl_inventory_images_id_seq; Type: SEQUENCE SET; Schema: public; Owner: jtro
--

SELECT pg_catalog.setval('public.tbl_inventory_images_id_seq', 4, true);


--
-- Name: tbl_inventory_quote_id_seq; Type: SEQUENCE SET; Schema: public; Owner: jtro
--

SELECT pg_catalog.setval('public.tbl_inventory_quote_id_seq', 2, true);


--
-- Name: tbl_model_generations_id_seq; Type: SEQUENCE SET; Schema: public; Owner: jtro
--

SELECT pg_catalog.setval('public.tbl_model_generations_id_seq', 10, true);


--
-- Name: tbl_people_talk_id_seq; Type: SEQUENCE SET; Schema: public; Owner: jtro
--

SELECT pg_catalog.setval('public.tbl_people_talk_id_seq', 1, true);


--
-- Name: tbl_sales_representative_id_seq; Type: SEQUENCE SET; Schema: public; Owner: jtro
--

SELECT pg_catalog.setval('public.tbl_sales_representative_id_seq', 3, true);


--
-- Name: tbl_sell_your_cars_images_id_seq; Type: SEQUENCE SET; Schema: public; Owner: jtro
--

SELECT pg_catalog.setval('public.tbl_sell_your_cars_images_id_seq', 25, true);


--
-- Name: tbl_sellcar_id_seq; Type: SEQUENCE SET; Schema: public; Owner: jtro
--

SELECT pg_catalog.setval('public.tbl_sellcar_id_seq', 16, true);


--
-- Name: tbl_slider_id_seq; Type: SEQUENCE SET; Schema: public; Owner: jtro
--

SELECT pg_catalog.setval('public.tbl_slider_id_seq', 2, true);


--
-- Name: tbl_socialmedia_id_seq; Type: SEQUENCE SET; Schema: public; Owner: jtro
--

SELECT pg_catalog.setval('public.tbl_socialmedia_id_seq', 5, true);


--
-- Name: tbl_stocks_id_seq; Type: SEQUENCE SET; Schema: public; Owner: jtro
--

SELECT pg_catalog.setval('public.tbl_stocks_id_seq', 1, true);


--
-- Name: tbl_subscribers_id_seq; Type: SEQUENCE SET; Schema: public; Owner: jtro
--

SELECT pg_catalog.setval('public.tbl_subscribers_id_seq', 1, true);


--
-- Name: analytics_visitorevent analytics_visitorevent_pkey; Type: CONSTRAINT; Schema: public; Owner: jtro
--

ALTER TABLE ONLY public.analytics_visitorevent
    ADD CONSTRAINT analytics_visitorevent_pkey PRIMARY KEY (id);


--
-- Name: auth_group auth_group_name_key; Type: CONSTRAINT; Schema: public; Owner: jtro
--

ALTER TABLE ONLY public.auth_group
    ADD CONSTRAINT auth_group_name_key UNIQUE (name);


--
-- Name: auth_group_permissions auth_group_permissions_group_id_permission_id_0cd325b0_uniq; Type: CONSTRAINT; Schema: public; Owner: jtro
--

ALTER TABLE ONLY public.auth_group_permissions
    ADD CONSTRAINT auth_group_permissions_group_id_permission_id_0cd325b0_uniq UNIQUE (group_id, permission_id);


--
-- Name: auth_group_permissions auth_group_permissions_pkey; Type: CONSTRAINT; Schema: public; Owner: jtro
--

ALTER TABLE ONLY public.auth_group_permissions
    ADD CONSTRAINT auth_group_permissions_pkey PRIMARY KEY (id);


--
-- Name: auth_group auth_group_pkey; Type: CONSTRAINT; Schema: public; Owner: jtro
--

ALTER TABLE ONLY public.auth_group
    ADD CONSTRAINT auth_group_pkey PRIMARY KEY (id);


--
-- Name: auth_permission auth_permission_content_type_id_codename_01ab375a_uniq; Type: CONSTRAINT; Schema: public; Owner: jtro
--

ALTER TABLE ONLY public.auth_permission
    ADD CONSTRAINT auth_permission_content_type_id_codename_01ab375a_uniq UNIQUE (content_type_id, codename);


--
-- Name: auth_permission auth_permission_pkey; Type: CONSTRAINT; Schema: public; Owner: jtro
--

ALTER TABLE ONLY public.auth_permission
    ADD CONSTRAINT auth_permission_pkey PRIMARY KEY (id);


--
-- Name: auth_user_groups auth_user_groups_pkey; Type: CONSTRAINT; Schema: public; Owner: jtro
--

ALTER TABLE ONLY public.auth_user_groups
    ADD CONSTRAINT auth_user_groups_pkey PRIMARY KEY (id);


--
-- Name: auth_user_groups auth_user_groups_user_id_group_id_94350c0c_uniq; Type: CONSTRAINT; Schema: public; Owner: jtro
--

ALTER TABLE ONLY public.auth_user_groups
    ADD CONSTRAINT auth_user_groups_user_id_group_id_94350c0c_uniq UNIQUE (user_id, group_id);


--
-- Name: auth_user auth_user_pkey; Type: CONSTRAINT; Schema: public; Owner: jtro
--

ALTER TABLE ONLY public.auth_user
    ADD CONSTRAINT auth_user_pkey PRIMARY KEY (id);


--
-- Name: auth_user_user_permissions auth_user_user_permissions_pkey; Type: CONSTRAINT; Schema: public; Owner: jtro
--

ALTER TABLE ONLY public.auth_user_user_permissions
    ADD CONSTRAINT auth_user_user_permissions_pkey PRIMARY KEY (id);


--
-- Name: auth_user_user_permissions auth_user_user_permissions_user_id_permission_id_14a6b632_uniq; Type: CONSTRAINT; Schema: public; Owner: jtro
--

ALTER TABLE ONLY public.auth_user_user_permissions
    ADD CONSTRAINT auth_user_user_permissions_user_id_permission_id_14a6b632_uniq UNIQUE (user_id, permission_id);


--
-- Name: auth_user auth_user_username_key; Type: CONSTRAINT; Schema: public; Owner: jtro
--

ALTER TABLE ONLY public.auth_user
    ADD CONSTRAINT auth_user_username_key UNIQUE (username);


--
-- Name: django_admin_log django_admin_log_pkey; Type: CONSTRAINT; Schema: public; Owner: jtro
--

ALTER TABLE ONLY public.django_admin_log
    ADD CONSTRAINT django_admin_log_pkey PRIMARY KEY (id);


--
-- Name: django_content_type django_content_type_app_label_model_76bd3d3b_uniq; Type: CONSTRAINT; Schema: public; Owner: jtro
--

ALTER TABLE ONLY public.django_content_type
    ADD CONSTRAINT django_content_type_app_label_model_76bd3d3b_uniq UNIQUE (app_label, model);


--
-- Name: django_content_type django_content_type_pkey; Type: CONSTRAINT; Schema: public; Owner: jtro
--

ALTER TABLE ONLY public.django_content_type
    ADD CONSTRAINT django_content_type_pkey PRIMARY KEY (id);


--
-- Name: django_migrations django_migrations_pkey; Type: CONSTRAINT; Schema: public; Owner: jtro
--

ALTER TABLE ONLY public.django_migrations
    ADD CONSTRAINT django_migrations_pkey PRIMARY KEY (id);


--
-- Name: django_session django_session_pkey; Type: CONSTRAINT; Schema: public; Owner: jtro
--

ALTER TABLE ONLY public.django_session
    ADD CONSTRAINT django_session_pkey PRIMARY KEY (session_key);


--
-- Name: taggit_tag taggit_tag_name_key; Type: CONSTRAINT; Schema: public; Owner: jtro
--

ALTER TABLE ONLY public.taggit_tag
    ADD CONSTRAINT taggit_tag_name_key UNIQUE (name);


--
-- Name: taggit_tag taggit_tag_pkey; Type: CONSTRAINT; Schema: public; Owner: jtro
--

ALTER TABLE ONLY public.taggit_tag
    ADD CONSTRAINT taggit_tag_pkey PRIMARY KEY (id);


--
-- Name: taggit_tag taggit_tag_slug_key; Type: CONSTRAINT; Schema: public; Owner: jtro
--

ALTER TABLE ONLY public.taggit_tag
    ADD CONSTRAINT taggit_tag_slug_key UNIQUE (slug);


--
-- Name: taggit_taggeditem taggit_taggeditem_content_type_id_object_i_4bb97a8e_uniq; Type: CONSTRAINT; Schema: public; Owner: jtro
--

ALTER TABLE ONLY public.taggit_taggeditem
    ADD CONSTRAINT taggit_taggeditem_content_type_id_object_i_4bb97a8e_uniq UNIQUE (content_type_id, object_id, tag_id);


--
-- Name: taggit_taggeditem taggit_taggeditem_pkey; Type: CONSTRAINT; Schema: public; Owner: jtro
--

ALTER TABLE ONLY public.taggit_taggeditem
    ADD CONSTRAINT taggit_taggeditem_pkey PRIMARY KEY (id);


--
-- Name: tbl_body_style tbl_body_style_pkey; Type: CONSTRAINT; Schema: public; Owner: jtro
--

ALTER TABLE ONLY public.tbl_body_style
    ADD CONSTRAINT tbl_body_style_pkey PRIMARY KEY (id);


--
-- Name: tbl_brand tbl_brand_pkey; Type: CONSTRAINT; Schema: public; Owner: jtro
--

ALTER TABLE ONLY public.tbl_brand
    ADD CONSTRAINT tbl_brand_pkey PRIMARY KEY (id);


--
-- Name: tbl_inventories tbl_inventories_pkey; Type: CONSTRAINT; Schema: public; Owner: jtro
--

ALTER TABLE ONLY public.tbl_inventories
    ADD CONSTRAINT tbl_inventories_pkey PRIMARY KEY (id);


--
-- Name: tbl_inventory_images tbl_inventory_images_pkey; Type: CONSTRAINT; Schema: public; Owner: jtro
--

ALTER TABLE ONLY public.tbl_inventory_images
    ADD CONSTRAINT tbl_inventory_images_pkey PRIMARY KEY (id);


--
-- Name: tbl_inventory_quote tbl_inventory_quote_pkey; Type: CONSTRAINT; Schema: public; Owner: jtro
--

ALTER TABLE ONLY public.tbl_inventory_quote
    ADD CONSTRAINT tbl_inventory_quote_pkey PRIMARY KEY (id);


--
-- Name: tbl_model_generations tbl_model_generations_pkey; Type: CONSTRAINT; Schema: public; Owner: jtro
--

ALTER TABLE ONLY public.tbl_model_generations
    ADD CONSTRAINT tbl_model_generations_pkey PRIMARY KEY (id);


--
-- Name: tbl_people_talk tbl_people_talk_pkey; Type: CONSTRAINT; Schema: public; Owner: jtro
--

ALTER TABLE ONLY public.tbl_people_talk
    ADD CONSTRAINT tbl_people_talk_pkey PRIMARY KEY (id);


--
-- Name: tbl_sales_representative tbl_sales_representative_pkey; Type: CONSTRAINT; Schema: public; Owner: jtro
--

ALTER TABLE ONLY public.tbl_sales_representative
    ADD CONSTRAINT tbl_sales_representative_pkey PRIMARY KEY (id);


--
-- Name: tbl_sell_your_cars_images tbl_sell_your_cars_images_pkey; Type: CONSTRAINT; Schema: public; Owner: jtro
--

ALTER TABLE ONLY public.tbl_sell_your_cars_images
    ADD CONSTRAINT tbl_sell_your_cars_images_pkey PRIMARY KEY (id);


--
-- Name: tbl_sellcar tbl_sellcar_pkey; Type: CONSTRAINT; Schema: public; Owner: jtro
--

ALTER TABLE ONLY public.tbl_sellcar
    ADD CONSTRAINT tbl_sellcar_pkey PRIMARY KEY (id);


--
-- Name: tbl_video tbl_slider_pkey; Type: CONSTRAINT; Schema: public; Owner: jtro
--

ALTER TABLE ONLY public.tbl_video
    ADD CONSTRAINT tbl_slider_pkey PRIMARY KEY (id);


--
-- Name: tbl_socialmedia tbl_socialmedia_pkey; Type: CONSTRAINT; Schema: public; Owner: jtro
--

ALTER TABLE ONLY public.tbl_socialmedia
    ADD CONSTRAINT tbl_socialmedia_pkey PRIMARY KEY (id);


--
-- Name: tbl_stocks tbl_stocks_pkey; Type: CONSTRAINT; Schema: public; Owner: jtro
--

ALTER TABLE ONLY public.tbl_stocks
    ADD CONSTRAINT tbl_stocks_pkey PRIMARY KEY (id);


--
-- Name: tbl_subscribers tbl_subscribers_email_key; Type: CONSTRAINT; Schema: public; Owner: jtro
--

ALTER TABLE ONLY public.tbl_subscribers
    ADD CONSTRAINT tbl_subscribers_email_key UNIQUE (email);


--
-- Name: tbl_subscribers tbl_subscribers_pkey; Type: CONSTRAINT; Schema: public; Owner: jtro
--

ALTER TABLE ONLY public.tbl_subscribers
    ADD CONSTRAINT tbl_subscribers_pkey PRIMARY KEY (id);


--
-- Name: analytics_v_country_2ddc8f_idx; Type: INDEX; Schema: public; Owner: jtro
--

CREATE INDEX analytics_v_country_2ddc8f_idx ON public.analytics_visitorevent USING btree (country);


--
-- Name: analytics_v_device__b51632_idx; Type: INDEX; Schema: public; Owner: jtro
--

CREATE INDEX analytics_v_device__b51632_idx ON public.analytics_visitorevent USING btree (device_type);


--
-- Name: analytics_v_ts_685047_idx; Type: INDEX; Schema: public; Owner: jtro
--

CREATE INDEX analytics_v_ts_685047_idx ON public.analytics_visitorevent USING btree (ts);


--
-- Name: analytics_visitorevent_country_3c03812f; Type: INDEX; Schema: public; Owner: jtro
--

CREATE INDEX analytics_visitorevent_country_3c03812f ON public.analytics_visitorevent USING btree (country);


--
-- Name: analytics_visitorevent_country_3c03812f_like; Type: INDEX; Schema: public; Owner: jtro
--

CREATE INDEX analytics_visitorevent_country_3c03812f_like ON public.analytics_visitorevent USING btree (country varchar_pattern_ops);


--
-- Name: analytics_visitorevent_device_type_f286f382; Type: INDEX; Schema: public; Owner: jtro
--

CREATE INDEX analytics_visitorevent_device_type_f286f382 ON public.analytics_visitorevent USING btree (device_type);


--
-- Name: analytics_visitorevent_device_type_f286f382_like; Type: INDEX; Schema: public; Owner: jtro
--

CREATE INDEX analytics_visitorevent_device_type_f286f382_like ON public.analytics_visitorevent USING btree (device_type varchar_pattern_ops);


--
-- Name: analytics_visitorevent_ip_8a1eb49d; Type: INDEX; Schema: public; Owner: jtro
--

CREATE INDEX analytics_visitorevent_ip_8a1eb49d ON public.analytics_visitorevent USING btree (ip);


--
-- Name: analytics_visitorevent_ts_215b0b78; Type: INDEX; Schema: public; Owner: jtro
--

CREATE INDEX analytics_visitorevent_ts_215b0b78 ON public.analytics_visitorevent USING btree (ts);


--
-- Name: auth_group_name_a6ea08ec_like; Type: INDEX; Schema: public; Owner: jtro
--

CREATE INDEX auth_group_name_a6ea08ec_like ON public.auth_group USING btree (name varchar_pattern_ops);


--
-- Name: auth_group_permissions_group_id_b120cbf9; Type: INDEX; Schema: public; Owner: jtro
--

CREATE INDEX auth_group_permissions_group_id_b120cbf9 ON public.auth_group_permissions USING btree (group_id);


--
-- Name: auth_group_permissions_permission_id_84c5c92e; Type: INDEX; Schema: public; Owner: jtro
--

CREATE INDEX auth_group_permissions_permission_id_84c5c92e ON public.auth_group_permissions USING btree (permission_id);


--
-- Name: auth_permission_content_type_id_2f476e4b; Type: INDEX; Schema: public; Owner: jtro
--

CREATE INDEX auth_permission_content_type_id_2f476e4b ON public.auth_permission USING btree (content_type_id);


--
-- Name: auth_user_groups_group_id_97559544; Type: INDEX; Schema: public; Owner: jtro
--

CREATE INDEX auth_user_groups_group_id_97559544 ON public.auth_user_groups USING btree (group_id);


--
-- Name: auth_user_groups_user_id_6a12ed8b; Type: INDEX; Schema: public; Owner: jtro
--

CREATE INDEX auth_user_groups_user_id_6a12ed8b ON public.auth_user_groups USING btree (user_id);


--
-- Name: auth_user_user_permissions_permission_id_1fbb5f2c; Type: INDEX; Schema: public; Owner: jtro
--

CREATE INDEX auth_user_user_permissions_permission_id_1fbb5f2c ON public.auth_user_user_permissions USING btree (permission_id);


--
-- Name: auth_user_user_permissions_user_id_a95ead1b; Type: INDEX; Schema: public; Owner: jtro
--

CREATE INDEX auth_user_user_permissions_user_id_a95ead1b ON public.auth_user_user_permissions USING btree (user_id);


--
-- Name: auth_user_username_6821ab7c_like; Type: INDEX; Schema: public; Owner: jtro
--

CREATE INDEX auth_user_username_6821ab7c_like ON public.auth_user USING btree (username varchar_pattern_ops);


--
-- Name: django_admin_log_content_type_id_c4bce8eb; Type: INDEX; Schema: public; Owner: jtro
--

CREATE INDEX django_admin_log_content_type_id_c4bce8eb ON public.django_admin_log USING btree (content_type_id);


--
-- Name: django_admin_log_user_id_c564eba6; Type: INDEX; Schema: public; Owner: jtro
--

CREATE INDEX django_admin_log_user_id_c564eba6 ON public.django_admin_log USING btree (user_id);


--
-- Name: django_session_expire_date_a5c62663; Type: INDEX; Schema: public; Owner: jtro
--

CREATE INDEX django_session_expire_date_a5c62663 ON public.django_session USING btree (expire_date);


--
-- Name: django_session_session_key_c0390e0f_like; Type: INDEX; Schema: public; Owner: jtro
--

CREATE INDEX django_session_session_key_c0390e0f_like ON public.django_session USING btree (session_key varchar_pattern_ops);


--
-- Name: taggit_tag_name_58eb2ed9_like; Type: INDEX; Schema: public; Owner: jtro
--

CREATE INDEX taggit_tag_name_58eb2ed9_like ON public.taggit_tag USING btree (name varchar_pattern_ops);


--
-- Name: taggit_tag_slug_6be58b2c_like; Type: INDEX; Schema: public; Owner: jtro
--

CREATE INDEX taggit_tag_slug_6be58b2c_like ON public.taggit_tag USING btree (slug varchar_pattern_ops);


--
-- Name: taggit_taggeditem_content_type_id_9957a03c; Type: INDEX; Schema: public; Owner: jtro
--

CREATE INDEX taggit_taggeditem_content_type_id_9957a03c ON public.taggit_taggeditem USING btree (content_type_id);


--
-- Name: taggit_taggeditem_content_type_id_object_id_196cc965_idx; Type: INDEX; Schema: public; Owner: jtro
--

CREATE INDEX taggit_taggeditem_content_type_id_object_id_196cc965_idx ON public.taggit_taggeditem USING btree (content_type_id, object_id);


--
-- Name: taggit_taggeditem_object_id_e2d7d1df; Type: INDEX; Schema: public; Owner: jtro
--

CREATE INDEX taggit_taggeditem_object_id_e2d7d1df ON public.taggit_taggeditem USING btree (object_id);


--
-- Name: taggit_taggeditem_tag_id_f4f5b767; Type: INDEX; Schema: public; Owner: jtro
--

CREATE INDEX taggit_taggeditem_tag_id_f4f5b767 ON public.taggit_taggeditem USING btree (tag_id);


--
-- Name: tbl_inventories_body_style_id_f2de4bbb; Type: INDEX; Schema: public; Owner: jtro
--

CREATE INDEX tbl_inventories_body_style_id_f2de4bbb ON public.tbl_inventories USING btree (body_style_id);


--
-- Name: tbl_inventories_brand_id_7772b158; Type: INDEX; Schema: public; Owner: jtro
--

CREATE INDEX tbl_inventories_brand_id_7772b158 ON public.tbl_inventories USING btree (brand_id);


--
-- Name: tbl_inventories_model_id_65579d16; Type: INDEX; Schema: public; Owner: jtro
--

CREATE INDEX tbl_inventories_model_id_65579d16 ON public.tbl_inventories USING btree (model_id);


--
-- Name: tbl_inventory_images_inventory_id_d1efeb55; Type: INDEX; Schema: public; Owner: jtro
--

CREATE INDEX tbl_inventory_images_inventory_id_d1efeb55 ON public.tbl_inventory_images USING btree (inventory_id);


--
-- Name: tbl_inventory_quote_car_id_3034737a; Type: INDEX; Schema: public; Owner: jtro
--

CREATE INDEX tbl_inventory_quote_car_id_3034737a ON public.tbl_inventory_quote USING btree (car_id);


--
-- Name: tbl_model_generations_brand_id_30e6d5be; Type: INDEX; Schema: public; Owner: jtro
--

CREATE INDEX tbl_model_generations_brand_id_30e6d5be ON public.tbl_model_generations USING btree (brand_id);


--
-- Name: tbl_sell_your_cars_images_sellcar_id_dddc2dea; Type: INDEX; Schema: public; Owner: jtro
--

CREATE INDEX tbl_sell_your_cars_images_sellcar_id_dddc2dea ON public.tbl_sell_your_cars_images USING btree (sellcar_id);


--
-- Name: tbl_subscribers_email_8fae71e1_like; Type: INDEX; Schema: public; Owner: jtro
--

CREATE INDEX tbl_subscribers_email_8fae71e1_like ON public.tbl_subscribers USING btree (email varchar_pattern_ops);


--
-- Name: auth_group_permissions auth_group_permissio_permission_id_84c5c92e_fk_auth_perm; Type: FK CONSTRAINT; Schema: public; Owner: jtro
--

ALTER TABLE ONLY public.auth_group_permissions
    ADD CONSTRAINT auth_group_permissio_permission_id_84c5c92e_fk_auth_perm FOREIGN KEY (permission_id) REFERENCES public.auth_permission(id) DEFERRABLE INITIALLY DEFERRED;


--
-- Name: auth_group_permissions auth_group_permissions_group_id_b120cbf9_fk_auth_group_id; Type: FK CONSTRAINT; Schema: public; Owner: jtro
--

ALTER TABLE ONLY public.auth_group_permissions
    ADD CONSTRAINT auth_group_permissions_group_id_b120cbf9_fk_auth_group_id FOREIGN KEY (group_id) REFERENCES public.auth_group(id) DEFERRABLE INITIALLY DEFERRED;


--
-- Name: auth_permission auth_permission_content_type_id_2f476e4b_fk_django_co; Type: FK CONSTRAINT; Schema: public; Owner: jtro
--

ALTER TABLE ONLY public.auth_permission
    ADD CONSTRAINT auth_permission_content_type_id_2f476e4b_fk_django_co FOREIGN KEY (content_type_id) REFERENCES public.django_content_type(id) DEFERRABLE INITIALLY DEFERRED;


--
-- Name: auth_user_groups auth_user_groups_group_id_97559544_fk_auth_group_id; Type: FK CONSTRAINT; Schema: public; Owner: jtro
--

ALTER TABLE ONLY public.auth_user_groups
    ADD CONSTRAINT auth_user_groups_group_id_97559544_fk_auth_group_id FOREIGN KEY (group_id) REFERENCES public.auth_group(id) DEFERRABLE INITIALLY DEFERRED;


--
-- Name: auth_user_groups auth_user_groups_user_id_6a12ed8b_fk_auth_user_id; Type: FK CONSTRAINT; Schema: public; Owner: jtro
--

ALTER TABLE ONLY public.auth_user_groups
    ADD CONSTRAINT auth_user_groups_user_id_6a12ed8b_fk_auth_user_id FOREIGN KEY (user_id) REFERENCES public.auth_user(id) DEFERRABLE INITIALLY DEFERRED;


--
-- Name: auth_user_user_permissions auth_user_user_permi_permission_id_1fbb5f2c_fk_auth_perm; Type: FK CONSTRAINT; Schema: public; Owner: jtro
--

ALTER TABLE ONLY public.auth_user_user_permissions
    ADD CONSTRAINT auth_user_user_permi_permission_id_1fbb5f2c_fk_auth_perm FOREIGN KEY (permission_id) REFERENCES public.auth_permission(id) DEFERRABLE INITIALLY DEFERRED;


--
-- Name: auth_user_user_permissions auth_user_user_permissions_user_id_a95ead1b_fk_auth_user_id; Type: FK CONSTRAINT; Schema: public; Owner: jtro
--

ALTER TABLE ONLY public.auth_user_user_permissions
    ADD CONSTRAINT auth_user_user_permissions_user_id_a95ead1b_fk_auth_user_id FOREIGN KEY (user_id) REFERENCES public.auth_user(id) DEFERRABLE INITIALLY DEFERRED;


--
-- Name: django_admin_log django_admin_log_content_type_id_c4bce8eb_fk_django_co; Type: FK CONSTRAINT; Schema: public; Owner: jtro
--

ALTER TABLE ONLY public.django_admin_log
    ADD CONSTRAINT django_admin_log_content_type_id_c4bce8eb_fk_django_co FOREIGN KEY (content_type_id) REFERENCES public.django_content_type(id) DEFERRABLE INITIALLY DEFERRED;


--
-- Name: django_admin_log django_admin_log_user_id_c564eba6_fk_auth_user_id; Type: FK CONSTRAINT; Schema: public; Owner: jtro
--

ALTER TABLE ONLY public.django_admin_log
    ADD CONSTRAINT django_admin_log_user_id_c564eba6_fk_auth_user_id FOREIGN KEY (user_id) REFERENCES public.auth_user(id) DEFERRABLE INITIALLY DEFERRED;


--
-- Name: taggit_taggeditem taggit_taggeditem_content_type_id_9957a03c_fk_django_co; Type: FK CONSTRAINT; Schema: public; Owner: jtro
--

ALTER TABLE ONLY public.taggit_taggeditem
    ADD CONSTRAINT taggit_taggeditem_content_type_id_9957a03c_fk_django_co FOREIGN KEY (content_type_id) REFERENCES public.django_content_type(id) DEFERRABLE INITIALLY DEFERRED;


--
-- Name: taggit_taggeditem taggit_taggeditem_tag_id_f4f5b767_fk_taggit_tag_id; Type: FK CONSTRAINT; Schema: public; Owner: jtro
--

ALTER TABLE ONLY public.taggit_taggeditem
    ADD CONSTRAINT taggit_taggeditem_tag_id_f4f5b767_fk_taggit_tag_id FOREIGN KEY (tag_id) REFERENCES public.taggit_tag(id) DEFERRABLE INITIALLY DEFERRED;


--
-- Name: tbl_inventories tbl_inventories_body_style_id_f2de4bbb_fk_tbl_body_style_id; Type: FK CONSTRAINT; Schema: public; Owner: jtro
--

ALTER TABLE ONLY public.tbl_inventories
    ADD CONSTRAINT tbl_inventories_body_style_id_f2de4bbb_fk_tbl_body_style_id FOREIGN KEY (body_style_id) REFERENCES public.tbl_body_style(id) DEFERRABLE INITIALLY DEFERRED;


--
-- Name: tbl_inventories tbl_inventories_brand_id_7772b158_fk_tbl_brand_id; Type: FK CONSTRAINT; Schema: public; Owner: jtro
--

ALTER TABLE ONLY public.tbl_inventories
    ADD CONSTRAINT tbl_inventories_brand_id_7772b158_fk_tbl_brand_id FOREIGN KEY (brand_id) REFERENCES public.tbl_brand(id) DEFERRABLE INITIALLY DEFERRED;


--
-- Name: tbl_inventories tbl_inventories_model_id_65579d16_fk_tbl_model_generations_id; Type: FK CONSTRAINT; Schema: public; Owner: jtro
--

ALTER TABLE ONLY public.tbl_inventories
    ADD CONSTRAINT tbl_inventories_model_id_65579d16_fk_tbl_model_generations_id FOREIGN KEY (model_id) REFERENCES public.tbl_model_generations(id) DEFERRABLE INITIALLY DEFERRED;


--
-- Name: tbl_inventory_images tbl_inventory_images_inventory_id_d1efeb55_fk_tbl_inven; Type: FK CONSTRAINT; Schema: public; Owner: jtro
--

ALTER TABLE ONLY public.tbl_inventory_images
    ADD CONSTRAINT tbl_inventory_images_inventory_id_d1efeb55_fk_tbl_inven FOREIGN KEY (inventory_id) REFERENCES public.tbl_inventories(id) DEFERRABLE INITIALLY DEFERRED;


--
-- Name: tbl_inventory_quote tbl_inventory_quote_car_id_3034737a_fk_tbl_inventories_id; Type: FK CONSTRAINT; Schema: public; Owner: jtro
--

ALTER TABLE ONLY public.tbl_inventory_quote
    ADD CONSTRAINT tbl_inventory_quote_car_id_3034737a_fk_tbl_inventories_id FOREIGN KEY (car_id) REFERENCES public.tbl_inventories(id) DEFERRABLE INITIALLY DEFERRED;


--
-- Name: tbl_model_generations tbl_model_generations_brand_id_30e6d5be_fk_tbl_brand_id; Type: FK CONSTRAINT; Schema: public; Owner: jtro
--

ALTER TABLE ONLY public.tbl_model_generations
    ADD CONSTRAINT tbl_model_generations_brand_id_30e6d5be_fk_tbl_brand_id FOREIGN KEY (brand_id) REFERENCES public.tbl_brand(id) DEFERRABLE INITIALLY DEFERRED;


--
-- Name: tbl_sell_your_cars_images tbl_sell_your_cars_images_sellcar_id_dddc2dea_fk_tbl_sellcar_id; Type: FK CONSTRAINT; Schema: public; Owner: jtro
--

ALTER TABLE ONLY public.tbl_sell_your_cars_images
    ADD CONSTRAINT tbl_sell_your_cars_images_sellcar_id_dddc2dea_fk_tbl_sellcar_id FOREIGN KEY (sellcar_id) REFERENCES public.tbl_sellcar(id) DEFERRABLE INITIALLY DEFERRED;


--
-- PostgreSQL database dump complete
--

